config,kappa,com_ratio,mu,rank,freq,hip_phi,leg_amp,hip_amp,hip_off,survived,net_fwd_speed,n_samples,e_pos_J,e_abs_J,d_fwd_m,cot_pos,single_frac_t,double_frac_t,air_frac_t,roll_mean_deg,roll_rms_deg,pitch_mean_deg,pitch_rms_deg,yaw_mean_deg,yaw_rms_deg,com_x_rms_mm,com_y_rms_mm,com_z_mean_mm,com_z_rms_mm,r_roll_com_x,r_roll_com_y,r_roll_com_z,r_roll_pitch,r_roll_yaw
c1,0.0,1.05,0.1,1,1.8,260.0,125.0,20.0,50.0,1,0.1689,1445,113.751,175.379,2.1956,2.324,0.2125,0.7813,0.0062,-0.172,9.956,-1.914,6.755,12.705,13.92,4.75,9.06,91.24,91.31,-0.7392,-0.0174,-0.1637,0.1326,-0.6312
c1,0.0,1.05,0.1,2,1.81,260.0,125.0,20.0,50.0,1,0.1689,1445,115.027,177.901,2.1959,2.35,0.2028,0.7882,0.009,-0.029,9.957,-1.889,6.745,10.861,12.244,4.76,9.03,91.26,91.33,-0.7404,-0.0042,-0.1508,0.1286,-0.6327
c1,0.0,1.05,0.1,3,1.79,260.0,125.0,20.0,50.0,1,0.1679,1445,112.345,172.302,2.1828,2.309,0.2166,0.7772,0.0062,-0.237,9.984,-2.031,6.749,14.788,15.831,4.72,9.13,91.27,91.34,-0.742,-0.0175,-0.1668,0.1323,-0.642
c1,0.0,1.05,0.1,4,1.97,260.0,125.0,16.0,50.0,1,0.1673,1445,138.544,220.98,2.1751,2.857,0.236,0.7564,0.0076,0.012,9.999,-2.057,5.517,9.171,10.538,5.25,8.68,92.14,92.2,-0.789,0.1877,-0.1462,0.1213,-0.7306
c1,0.0,1.05,0.1,5,1.94,260.0,125.0,16.0,50.0,1,0.1666,1445,131.987,210.608,2.1652,2.735,0.2256,0.764,0.0104,-0.172,9.99,-2.117,5.457,10.251,11.449,5.23,8.62,92.15,92.21,-0.7937,0.1921,-0.1571,0.1289,-0.726
c1,0.0,1.05,0.1,6,1.82,260.0,125.0,20.0,50.0,1,0.1655,1445,116.802,180.868,2.151,2.436,0.2166,0.7765,0.0069,0.104,9.946,-1.92,6.771,9.474,11.087,4.77,8.97,91.23,91.3,-0.7367,0.002,-0.1536,0.1186,-0.6255
c1,0.0,1.05,0.1,7,1.94,260.0,125.0,20.0,50.0,1,0.1653,1445,136.141,218.055,2.1495,2.841,0.2284,0.7661,0.0055,-0.044,10.007,-1.941,6.71,5.765,8.364,5.06,8.67,91.32,91.39,-0.7416,-0.0255,-0.1736,0.1364,-0.6276
c1,0.0,1.05,0.1,8,1.92,260.0,125.0,20.0,50.0,1,0.1649,1445,133.065,211.592,2.1437,2.784,0.2208,0.7744,0.0048,0.069,9.998,-1.905,6.792,3.974,7.07,5.01,8.71,91.29,91.37,-0.7397,-0.0592,-0.1643,0.1383,-0.646
c1,0.0,1.05,0.1,9,1.95,260.0,125.0,16.0,50.0,1,0.1666,1445,134.79,214.113,2.1658,2.792,0.2394,0.7509,0.0097,-0.21,10.002,-2.096,5.476,10.183,11.415,5.23,8.64,92.15,92.21,-0.791,0.1905,-0.1595,0.1217,-0.7276
c1,0.0,1.05,0.1,10,1.95,260.0,125.0,20.0,50.0,1,0.1651,1445,139.036,221.69,2.1461,2.906,0.2353,0.7585,0.0062,-0.097,10.024,-1.883,6.693,5.828,8.394,5.07,8.64,91.32,91.4,-0.74,-0.0278,-0.1753,0.1305,-0.6436
c1,0.0,1.05,0.1,11,1.96,260.0,125.0,20.0,50.0,1,0.1647,1445,140.431,225.022,2.1416,2.942,0.2138,0.7799,0.0062,-0.033,10.007,-1.788,6.673,6.168,8.591,5.09,8.59,91.31,91.39,-0.7391,-0.0282,-0.1733,0.1332,-0.6518
c1,0.0,1.05,0.1,12,1.91,260.0,125.0,16.0,50.0,1,0.1646,1445,126.829,201.24,2.1393,2.659,0.2166,0.7779,0.0055,-0.191,9.957,-2.024,5.387,10.954,12.068,5.18,8.57,92.11,92.17,-0.793,0.1775,-0.1514,0.1327,-0.7183
c1,0.0,1.05,0.1,13,1.92,270.0,125.0,20.0,50.0,1,0.1652,1445,132.898,210.792,2.1473,2.776,0.2069,0.7869,0.0062,-0.009,10.532,-1.984,6.697,7.21,9.87,5.35,8.87,91.25,91.33,-0.736,0.0408,-0.1798,-0.0469,-0.7111
c1,0.0,1.05,0.1,14,1.98,260.0,125.0,16.0,50.0,1,0.1677,1445,140.516,224.5,2.1802,2.891,0.2339,0.7564,0.0097,0.093,9.977,-2.093,5.547,9.059,10.458,5.25,8.67,92.1,92.16,-0.7842,0.1677,-0.1436,0.1227,-0.7317
c1,0.0,1.05,0.1,15,1.92,260.0,125.0,16.0,50.0,1,0.1651,1445,129.144,204.629,2.1468,2.699,0.2394,0.7529,0.0076,-0.115,9.982,-2.031,5.377,10.812,11.947,5.2,8.57,92.14,92.2,-0.7944,0.1808,-0.1433,0.131,-0.722
c1,0.0,1.05,0.1,16,1.98,260.0,125.0,20.0,50.0,1,0.1646,1445,144.862,232.334,2.1402,3.036,0.2394,0.7536,0.0069,0.151,10.003,-1.791,6.608,6.817,9.115,5.12,8.53,91.28,91.36,-0.7359,0.0067,-0.1606,0.1192,-0.6609
c1,0.0,1.05,0.1,17,1.91,270.0,125.0,20.0,50.0,1,0.1652,1445,130.695,207.575,2.1472,2.73,0.2367,0.755,0.0083,-0.084,10.508,-1.96,6.716,7.739,10.28,5.33,8.85,91.23,91.31,-0.7337,0.0431,-0.1879,-0.0457,-0.7046
c1,0.0,1.05,0.1,18,1.97,260.0,125.0,20.0,50.0,1,0.1649,1445,142.876,228.809,2.1434,2.99,0.2208,0.773,0.0062,0.072,10.023,-1.77,6.612,6.766,9.124,5.11,8.59,91.33,91.4,-0.7405,0.0102,-0.1622,0.1229,-0.6447
c1,0.0,1.05,0.1,19,1.93,260.0,125.0,20.0,50.0,1,0.1652,1445,134.664,214.892,2.1481,2.812,0.2298,0.7661,0.0042,0.059,9.981,-1.931,6.772,4.484,7.385,5.03,8.69,91.27,91.35,-0.7382,-0.0451,-0.1652,0.1353,-0.6461
c1,0.0,1.05,0.1,20,1.78,260.0,125.0,20.0,50.0,1,0.1665,1445,109.993,169.425,2.1651,2.279,0.2069,0.7806,0.0125,-0.157,9.954,-2.09,6.795,16.12,17.056,4.7,9.18,91.25,91.33,-0.7419,-0.0033,-0.166,0.1306,-0.653
c1,0.0,1.05,0.3,1,1.96,280.0,115.0,28.0,30.0,1,0.2402,1445,119.66,173.81,3.1231,1.719,0.5176,0.382,0.1003,0.333,11.093,-4.857,10.789,8.288,13.963,9.51,8.27,97.92,98.0,-0.935,-0.3367,-0.2314,-0.4156,-0.2094
c1,0.0,1.05,0.3,2,1.92,280.0,115.0,28.0,20.0,1,0.234,1445,110.933,158.284,3.0422,1.636,0.5426,0.373,0.0844,0.169,10.803,-3.691,9.683,6.169,13.354,11.14,2.83,102.38,102.45,-0.9672,-0.4783,-0.2109,-0.4219,-0.0519
c1,0.0,1.05,0.3,3,1.98,280.0,115.0,28.0,30.0,1,0.2226,1445,121.364,176.43,2.8938,1.881,0.5121,0.4055,0.0824,0.29,11.068,-4.779,10.225,6.764,13.025,9.49,7.67,97.94,98.02,-0.9349,-0.4574,-0.2102,-0.432,-0.1981
c1,0.0,1.05,0.3,4,1.98,280.0,115.0,28.0,20.0,1,0.2416,1445,120.386,173.791,3.1412,1.719,0.5516,0.3529,0.0955,0.412,10.822,-3.804,9.918,6.406,12.841,11.15,3.07,102.34,102.41,-0.9657,-0.3803,-0.215,-0.4293,-0.0322
c1,0.0,1.05,0.3,5,1.87,280.0,115.0,28.0,20.0,1,0.2258,1445,104.363,146.944,2.9359,1.595,0.5294,0.3834,0.0872,0.271,10.847,-3.666,9.565,4.759,13.209,11.15,2.59,102.37,102.44,-0.9684,-0.5188,-0.2053,-0.434,-0.088
c1,0.0,1.05,0.3,6,1.9,280.0,115.0,28.0,20.0,1,0.2283,1445,108.387,153.599,2.9685,1.638,0.5343,0.3903,0.0754,0.027,10.828,-3.734,9.597,4.678,12.861,11.13,2.68,102.35,102.42,-0.9675,-0.5341,-0.2166,-0.4297,-0.0773
c1,0.0,1.05,0.3,7,1.94,270.0,125.0,28.0,30.0,1,0.2442,1445,138.9,208.316,3.174,1.963,0.5543,0.3585,0.0872,-0.119,10.851,-4.671,9.88,5.081,11.94,9.76,7.32,99.66,99.75,-0.9461,-0.5504,-0.194,-0.2244,0.0692
c1,0.0,1.05,0.3,8,1.95,270.0,125.0,28.0,30.0,1,0.2416,1445,141.419,211.617,3.1403,2.02,0.5481,0.3668,0.0851,-0.244,10.872,-4.521,9.765,5.974,12.288,9.78,7.21,99.67,99.76,-0.9465,-0.5487,-0.1907,-0.2259,0.0738
c1,0.0,1.05,0.3,9,1.97,270.0,125.0,28.0,30.0,1,0.2428,1445,145.096,217.9,3.1562,2.062,0.5689,0.3446,0.0865,-0.126,10.861,-4.425,9.668,6.243,12.231,9.78,7.2,99.67,99.75,-0.9458,-0.5501,-0.1744,-0.2265,0.0752
c1,0.0,1.05,0.3,10,1.98,270.0,125.0,28.0,30.0,1,0.2408,1445,146.708,220.81,3.1304,2.102,0.5716,0.337,0.0913,-0.044,10.856,-4.519,9.671,5.769,11.98,9.75,7.23,99.61,99.7,-0.9447,-0.563,-0.1756,-0.2319,0.0641
c1,0.0,1.05,0.3,11,1.92,270.0,125.0,28.0,30.0,1,0.2431,1445,135.917,202.643,3.1601,1.929,0.555,0.3737,0.0713,-0.043,10.861,-4.562,9.874,5.381,12.227,9.74,7.24,99.64,99.72,-0.9467,-0.5393,-0.1867,-0.2324,0.0622
c1,0.0,1.05,0.3,12,1.81,340.0,125.0,28.0,30.0,1,0.2177,1445,141.811,211.686,2.8296,2.248,0.6291,0.2512,0.1197,-0.111,16.906,-7.47,11.961,49.777,53.95,13.93,12.95,97.79,97.81,-0.9442,-0.1846,-0.2654,-0.7897,-0.5679
c1,0.0,1.05,0.3,13,1.91,270.0,125.0,28.0,30.0,1,0.2442,1445,133.707,199.576,3.1742,1.89,0.5522,0.3716,0.0761,-0.092,10.847,-4.593,9.966,5.35,12.289,9.71,7.31,99.61,99.69,-0.9463,-0.5165,-0.1971,-0.2398,0.0478
c1,0.0,1.05,0.3,14,1.89,270.0,125.0,28.0,30.0,1,0.2419,1445,131.542,194.569,3.1448,1.876,0.546,0.3855,0.0685,0.076,10.903,-4.755,10.078,4.733,12.179,9.75,7.33,99.62,99.7,-0.9478,-0.5159,-0.2071,-0.2401,0.0484
c1,0.0,1.05,0.3,15,1.93,270.0,125.0,28.0,30.0,1,0.2442,1445,137.459,205.461,3.1748,1.942,0.5419,0.3723,0.0858,-0.027,10.848,-4.664,9.902,5.193,12.03,9.72,7.32,99.61,99.7,-0.9459,-0.5422,-0.1886,-0.2353,0.0522
c1,0.0,1.05,0.3,16,1.76,280.0,115.0,28.0,20.0,1,0.2188,1445,90.992,125.452,2.8445,1.435,0.501,0.445,0.054,0.161,10.815,-3.41,9.78,3.706,13.963,11.08,2.68,102.37,102.44,-0.9704,-0.3909,-0.2076,-0.4419,-0.1468
c1,0.0,1.05,0.3,17,1.88,280.0,115.0,28.0,20.0,1,0.2245,1445,105.518,149.084,2.9181,1.622,0.519,0.4048,0.0761,0.217,10.798,-3.68,9.484,4.148,13.013,11.11,2.5,102.36,102.43,-0.9681,-0.5616,-0.2081,-0.4325,-0.086
c1,0.0,1.05,0.3,18,1.88,270.0,125.0,28.0,30.0,1,0.2415,1445,129.777,191.557,3.1391,1.855,0.5405,0.3813,0.0782,0.223,10.885,-4.708,10.104,5.129,12.483,9.71,7.27,99.59,99.68,-0.9477,-0.4908,-0.1976,-0.2497,0.0405
c1,0.0,1.05,0.3,19,1.9,270.0,125.0,28.0,30.0,1,0.2414,1445,133.091,197.204,3.1382,1.902,0.5433,0.3737,0.083,-0.068,10.902,-4.678,10.025,4.74,12.127,9.73,7.33,99.59,99.67,-0.9469,-0.5285,-0.2006,-0.2413,0.0424
c1,0.0,1.05,0.3,20,1.86,270.0,125.0,28.0,30.0,1,0.2405,1445,125.814,185.873,3.1269,1.805,0.5294,0.3958,0.0747,0.148,10.874,-4.535,10.089,5.276,12.726,9.71,7.27,99.64,99.73,-0.9484,-0.4654,-0.1928,-0.2486,0.0405
c1,0.0,1.05,0.5,1,1.95,0.0,125.0,28.0,20.0,1,0.325,1445,157.943,219.253,4.2254,1.677,0.7017,0.0007,0.2976,0.274,17.377,-6.701,10.586,-0.559,8.906,17.18,7.3,102.27,102.31,-0.9776,-0.2862,-0.0346,-0.7586,-0.5322
c1,0.0,1.05,0.5,2,1.93,0.0,125.0,28.0,20.0,1,0.3383,1445,153.103,212.176,4.3975,1.562,0.708,0.0021,0.29,0.571,17.559,-7.007,10.833,-1.656,6.038,17.35,7.27,102.22,102.25,-0.9772,-0.2725,-0.0656,-0.7892,-0.8153
c1,0.0,1.05,0.5,3,1.97,0.0,125.0,28.0,20.0,1,0.3243,1445,162.427,226.321,4.2154,1.728,0.6913,0.0,0.3087,0.659,17.172,-6.619,10.687,-2.705,7.605,17.04,6.96,102.34,102.38,-0.9775,-0.2139,-0.0683,-0.7504,-0.6673
c1,0.0,1.05,0.5,4,1.89,0.0,125.0,28.0,20.0,1,0.331,1445,147.314,201.805,4.303,1.536,0.717,0.0021,0.281,0.548,17.97,-7.14,11.007,-1.407,5.951,17.7,7.67,102.07,102.11,-0.9778,-0.2702,-0.0876,-0.8056,-0.8412
c1,0.0,1.05,0.5,5,1.97,10.0,125.0,28.0,20.0,1,0.3033,1445,160.969,223.743,3.9429,1.831,0.7003,0.0014,0.2983,1.8,16.795,-4.781,9.792,0.511,6.91,17.1,4.72,102.55,102.57,-0.9796,-0.0076,-0.1227,-0.7306,-0.7101
c1,0.0,1.05,0.5,6,1.96,340.0,125.0,28.0,10.0,1,0.2111,1445,158.596,221.061,2.7444,2.592,0.7758,0.0,0.2242,0.157,14.81,-5.452,10.253,-6.423,16.947,16.19,5.85,106.36,106.43,-0.9853,-0.0626,-0.0576,-0.7809,-0.3724
c1,0.0,1.05,0.5,7,1.96,10.0,125.0,28.0,20.0,1,0.3116,1445,158.466,220.357,4.0513,1.755,0.6934,0.0014,0.3052,1.426,16.941,-4.738,9.713,-0.353,5.754,17.25,4.09,102.54,102.56,-0.9795,0.0075,-0.1205,-0.7462,-0.8616
c1,0.0,1.05,0.5,8,1.91,0.0,125.0,28.0,20.0,1,0.3177,1445,149.518,206.866,4.13,1.624,0.7211,0.0014,0.2775,0.298,17.506,-6.772,10.76,-1.492,7.465,17.28,7.68,102.19,102.23,-0.9774,-0.2329,-0.0518,-0.7747,-0.6894
c1,0.0,1.05,0.5,9,1.98,0.0,115.0,28.0,20.0,1,0.305,1445,141.257,192.356,3.9656,1.598,0.7356,0.0014,0.263,2.154,16.818,-6.199,10.618,-2.81,8.153,16.27,6.37,100.91,100.94,-0.9766,-0.0233,-0.2123,-0.8402,-0.6825
c1,0.0,1.05,0.5,10,1.87,0.0,125.0,28.0,20.0,1,0.3188,1445,144.872,197.436,4.1442,1.568,0.7225,0.0021,0.2754,0.979,18.025,-7.076,11.163,-1.823,7.075,17.76,7.48,102.05,102.08,-0.9782,-0.1564,-0.1209,-0.8139,-0.7298
c1,0.0,1.05,0.5,11,1.98,300.0,125.0,28.0,10.0,1,0.2965,1445,164.682,231.128,3.8548,1.916,0.7875,0.0007,0.2118,1.359,14.603,-8.92,11.918,-4.384,10.186,15.33,6.21,106.51,106.64,-0.9803,-0.4187,-0.1182,-0.9317,-0.4324
c1,0.0,1.05,0.5,12,1.92,10.0,125.0,28.0,20.0,1,0.2965,1445,151.402,208.746,3.8543,1.762,0.7107,0.0,0.2893,2.124,17.127,-4.609,9.842,0.07,6.383,17.39,4.14,102.48,102.51,-0.9804,0.0911,-0.1684,-0.7623,-0.8039
c1,0.0,1.05,0.5,13,1.96,300.0,125.0,28.0,10.0,1,0.3027,1445,160.23,224.229,3.9346,1.827,0.7862,0.0014,0.2125,1.082,14.716,-8.847,11.857,-3.105,9.379,15.47,6.2,106.51,106.65,-0.9802,-0.4143,-0.1123,-0.9371,-0.4548
c1,0.0,1.05,0.5,14,1.97,300.0,125.0,28.0,10.0,1,0.2937,1445,162.013,226.975,3.8177,1.904,0.7875,0.0,0.2125,1.211,14.713,-8.63,11.783,-3.867,10.405,15.51,6.38,106.51,106.64,-0.9802,-0.3559,-0.1114,-0.9129,-0.3425
c1,0.0,1.05,0.5,15,1.94,300.0,125.0,28.0,10.0,1,0.2991,1445,155.864,217.691,3.8878,1.798,0.7917,0.0014,0.2069,1.246,14.759,-8.893,11.901,-2.69,9.329,15.5,6.04,106.55,106.68,-0.9802,-0.4108,-0.1155,-0.9381,-0.4551
c1,0.0,1.05,0.5,16,1.9,0.0,125.0,28.0,20.0,1,0.3143,1445,149.029,204.336,4.0853,1.636,0.7273,0.0028,0.2699,0.321,17.659,-6.693,10.721,-1.938,7.152,17.39,7.52,102.16,102.2,-0.978,-0.2404,-0.056,-0.7726,-0.744
c1,0.0,1.05,0.5,17,1.86,0.0,125.0,28.0,20.0,1,0.0128,1445,142.046,194.466,0.1668,38.207,0.7246,0.0021,0.2734,1.105,17.886,-6.666,11.084,-74.382,82.154,17.63,7.74,102.07,102.11,-0.9782,-0.0994,-0.1386,-0.8062,-0.0878
c1,0.0,1.05,0.5,18,1.91,10.0,125.0,28.0,20.0,1,0.2998,1445,149.047,205.942,3.8971,1.716,0.7183,0.0,0.2817,2.267,17.314,-4.668,9.933,-0.954,5.903,17.55,4.1,102.43,102.45,-0.9804,0.1577,-0.2038,-0.7797,-0.8796
c1,0.0,1.05,0.5,19,1.95,340.0,115.0,28.0,10.0,1,0.2911,1445,134.73,181.43,3.7846,1.597,0.746,0.0,0.254,1.368,15.514,-6.166,10.436,-7.497,10.147,16.54,3.41,104.75,104.81,-0.9842,-0.1032,-0.1202,-0.8722,-0.7497
c1,0.0,1.05,0.5,20,1.94,10.0,125.0,28.0,20.0,1,0.3172,1445,154.13,214.112,4.1233,1.677,0.7073,0.0,0.2927,1.396,17.204,-4.971,9.894,-0.717,5.66,17.48,4.43,102.47,102.49,-0.9795,-0.019,-0.1283,-0.7548,-0.8805
c1,0.0,1.05,0.7,1,1.87,350.0,125.0,28.0,50.0,1,0.1928,1445,190.049,296.676,2.5064,3.401,0.8242,0.0021,0.1737,1.958,19.757,-10.26,13.514,10.957,24.347,12.1,20.48,86.57,86.63,-0.786,-0.1791,-0.0574,-0.746,-0.5221
c1,0.0,1.05,0.7,2,1.72,330.0,85.0,28.0,20.0,1,0.135,1445,70.52,85.027,1.7556,1.802,0.9792,0.0014,0.0194,0.745,15.352,-6.818,10.651,33.241,34.642,13.12,6.62,97.08,97.12,-0.9802,-0.3377,-0.0772,-0.8243,-0.6288
c1,0.0,1.05,0.7,3,1.83,280.0,85.0,28.0,20.0,1,0.0604,1445,73.747,99.602,0.7855,4.211,0.7446,0.2332,0.0221,-0.269,10.776,-5.617,11.263,35.3,85.55,9.49,9.08,97.7,97.75,-0.9585,-0.0718,-0.1822,-0.7092,0.0097
c1,0.0,1.05,0.7,4,1.75,250.0,105.0,28.0,30.0,1,0.1484,1445,84.855,121.817,1.9292,1.973,0.6131,0.3841,0.0028,-1.225,8.065,-4.089,8.036,24.668,32.372,6.66,6.35,96.81,96.88,-0.932,-0.6516,-0.1589,-0.4204,-0.2614
c1,0.0,1.05,0.7,5,1.74,320.0,85.0,28.0,20.0,1,0.1503,1445,71.534,90.775,1.9538,1.642,0.8678,0.1128,0.0194,-0.577,13.804,-6.385,10.008,18.714,24.277,11.88,5.91,97.41,97.46,-0.9709,-0.5317,-0.0661,-0.8984,-0.6379
c1,0.0,1.05,0.7,6,1.94,340.0,125.0,24.0,50.0,1,0.1005,1445,187.48,291.634,1.3066,6.437,0.8187,0.0042,0.1772,1.705,18.527,-9.267,11.583,62.635,71.083,10.88,18.63,88.14,88.2,-0.7709,-0.2854,-0.0383,-0.8243,-0.3113
c1,0.0,1.05,0.7,7,1.74,250.0,105.0,28.0,30.0,1,0.1506,1445,84.712,120.802,1.9573,1.942,0.6173,0.3792,0.0035,-1.147,8.084,-4.294,8.157,17.708,25.742,6.65,6.52,96.8,96.87,-0.9323,-0.6857,-0.1591,-0.425,-0.3114
c1,0.0,1.05,0.7,8,1.82,280.0,85.0,28.0,20.0,1,0.1216,1445,72.059,96.598,1.5813,2.044,0.7882,0.2035,0.0083,-0.835,10.782,-5.169,10.489,36.273,44.273,9.49,8.79,97.72,97.78,-0.9581,-0.081,-0.1624,-0.7479,-0.3859
c1,0.0,1.05,0.7,9,1.67,320.0,85.0,28.0,10.0,1,-0.0043,1445,64.087,76.227,-0.0561,,0.9827,0.0062,0.0111,0.541,14.881,-5.658,9.973,-83.619,84.155,14.54,5.65,100.62,100.67,-0.9876,-0.3228,-0.0806,-0.8592,-0.6857
c1,0.0,1.05,0.7,10,1.81,280.0,85.0,28.0,20.0,1,0.1476,1445,71.42,95.542,1.9186,1.67,0.7827,0.209,0.0083,-1.172,10.693,-5.057,9.974,25.435,32.786,9.39,8.93,97.75,97.81,-0.9576,-0.2125,-0.1249,-0.707,-0.4735
c1,0.0,1.05,0.7,11,1.73,250.0,105.0,28.0,30.0,1,0.1513,1445,83.573,119.083,1.9674,1.906,0.6173,0.3813,0.0014,-1.045,8.024,-4.389,8.195,16.912,24.368,6.59,6.64,96.8,96.87,-0.9312,-0.719,-0.1542,-0.419,-0.3237
c1,0.0,1.05,0.7,12,1.85,340.0,85.0,24.0,30.0,1,0.1468,1445,80.084,100.996,1.9081,1.883,0.9647,0.0097,0.0256,-0.064,15.308,-7.193,9.625,6.701,12.833,11.03,10.02,93.56,93.59,-0.9523,-0.3936,-0.0416,-0.926,-0.5399
c1,0.0,1.05,0.7,13,1.78,250.0,105.0,28.0,30.0,1,0.1528,1445,88.216,127.132,1.9858,1.993,0.6242,0.3737,0.0021,-1.123,8.039,-4.187,8.065,16.46,25.351,6.66,6.39,96.85,96.92,-0.9321,-0.5597,-0.1698,-0.4394,-0.2542
c1,0.0,1.05,0.7,14,1.8,280.0,85.0,28.0,20.0,1,0.1468,1445,70.514,93.56,1.9087,1.657,0.7606,0.2242,0.0152,-1.174,10.427,-4.743,9.538,32.04,38.314,9.19,8.08,97.85,97.91,-0.9591,-0.3402,-0.1149,-0.6838,-0.4719
c1,0.0,1.05,0.7,15,1.72,300.0,85.0,28.0,20.0,1,0.0181,1445,69.702,89.338,0.2358,13.258,0.8734,0.117,0.0097,-0.452,14.23,-7.399,11.715,-58.087,93.919,12.05,9.78,97.01,97.08,-0.9651,-0.1283,-0.1305,-0.8266,0.0341
c1,0.0,1.05,0.7,16,1.57,260.0,105.0,28.0,20.0,1,0.138,1445,66.792,89.761,1.7937,1.67,0.6235,0.3758,0.0007,-0.886,8.957,-2.583,8.494,9.042,17.447,8.83,7.45,100.81,100.88,-0.9686,-0.3379,-0.1395,-0.366,-0.4323
c1,0.0,1.05,0.7,17,1.69,250.0,105.0,28.0,30.0,1,0.1489,1445,79.682,112.348,1.9362,1.846,0.6076,0.3924,0.0,-1.119,7.984,-4.037,8.099,18.976,25.552,6.57,6.42,96.83,96.9,-0.9329,-0.7545,-0.1363,-0.3859,-0.3465
c1,0.0,1.05,0.7,18,1.76,250.0,105.0,28.0,30.0,1,0.1505,1445,86.152,123.65,1.9568,1.975,0.6235,0.373,0.0035,-1.188,8.05,-4.031,7.987,23.16,31.317,6.67,6.32,96.86,96.92,-0.9325,-0.617,-0.1525,-0.4189,-0.2405
c1,0.0,1.05,0.7,19,1.73,320.0,85.0,28.0,20.0,1,0.1427,1445,70.022,90.398,1.8555,1.693,0.8097,0.1702,0.0201,-0.762,12.747,-5.976,9.599,16.104,24.697,11.17,5.18,97.64,97.67,-0.9669,-0.617,-0.1044,-0.9169,-0.6739
c1,0.0,1.05,0.7,20,1.78,280.0,85.0,28.0,20.0,1,0.1335,1445,68.847,91.594,1.7357,1.779,0.7612,0.2353,0.0035,-1.103,10.315,-5.015,9.605,27.777,37.894,9.09,8.4,97.87,97.92,-0.9575,-0.2719,-0.1128,-0.7009,-0.4071
c2,0.0,1.2,0.1,1,1.98,270.0,125.0,24.0,40.0,1,0.1741,1445,146.026,232.816,2.263,2.895,0.2851,0.71,0.0048,-0.551,11.108,-6.325,8.884,10.851,13.393,6.36,34.15,110.89,110.96,-0.2662,-0.7099,0.062,-0.0026,-0.6694
c2,0.0,1.2,0.1,2,1.98,280.0,125.0,24.0,40.0,1,0.1757,1445,145.787,231.992,2.2839,2.863,0.263,0.7322,0.0048,-0.464,12.021,-6.444,8.93,10.772,13.86,6.88,34.07,110.82,110.89,-0.2633,-0.5242,-0.0504,-0.2554,-0.7131
c2,0.0,1.2,0.1,3,1.97,280.0,125.0,24.0,40.0,1,0.1752,1445,144.018,228.736,2.2772,2.837,0.2512,0.7405,0.0083,-0.576,12.042,-6.401,8.903,10.867,13.912,6.86,34.11,110.87,110.94,-0.2704,-0.5277,-0.0443,-0.2475,-0.7121
c2,0.0,1.2,0.1,4,1.98,260.0,125.0,28.0,30.0,1,0.1728,1445,147.794,234.597,2.2462,2.952,0.3564,0.6311,0.0125,-0.39,10.547,-6.661,10.323,14.687,16.313,7.69,29.34,118.12,118.2,-0.7495,-0.5577,-0.1364,-0.1347,-0.2905
c2,0.0,1.2,0.1,5,1.94,280.0,125.0,24.0,40.0,1,0.1718,1445,137.295,217.827,2.2337,2.757,0.2401,0.7536,0.0062,-0.676,12.007,-6.52,8.995,10.816,13.833,6.78,34.13,110.89,110.96,-0.2734,-0.5478,-0.052,-0.2305,-0.7057
c2,0.0,1.2,0.1,6,1.97,270.0,125.0,24.0,40.0,1,0.1728,1445,144.417,229.818,2.2463,2.884,0.2927,0.7003,0.0069,-0.64,11.133,-6.359,8.953,10.839,13.38,6.35,34.33,110.89,110.96,-0.2678,-0.7022,0.0651,0.0021,-0.6666
c2,0.0,1.2,0.1,7,1.95,270.0,125.0,24.0,40.0,1,0.1702,1445,140.44,222.616,2.2126,2.847,0.2727,0.7183,0.009,-0.803,11.142,-6.471,9.043,10.745,13.304,6.29,34.39,110.88,110.95,-0.2658,-0.7179,0.0609,0.0126,-0.6636
c2,0.0,1.2,0.1,8,1.93,280.0,125.0,24.0,40.0,1,0.1706,1445,135.883,214.828,2.2182,2.748,0.2401,0.7557,0.0042,-0.58,11.982,-6.492,8.987,10.88,13.894,6.75,34.08,110.85,110.92,-0.2656,-0.5426,-0.0422,-0.2377,-0.7065
c2,0.0,1.2,0.1,9,1.92,280.0,125.0,24.0,40.0,1,0.1702,1445,134.343,211.839,2.2124,2.724,0.2478,0.7474,0.0048,-0.602,12.005,-6.474,8.984,10.938,13.93,6.72,34.12,110.85,110.92,-0.2662,-0.5413,-0.0376,-0.2361,-0.7079
c2,0.0,1.2,0.1,10,1.93,270.0,125.0,24.0,40.0,1,0.1674,1445,136.304,216.026,2.1763,2.81,0.2588,0.7343,0.0069,-0.593,11.088,-6.504,9.137,10.628,13.185,6.25,34.37,110.83,110.9,-0.2583,-0.708,0.0683,0.0091,-0.6589
c2,0.0,1.2,0.1,11,1.96,270.0,125.0,24.0,40.0,1,0.1718,1445,141.863,225.88,2.2338,2.849,0.2761,0.7149,0.009,-0.775,11.115,-6.359,8.964,10.823,13.354,6.33,34.33,110.88,110.95,-0.2662,-0.7125,0.0594,0.0096,-0.6636
c2,0.0,1.2,0.1,12,1.91,280.0,125.0,24.0,40.0,1,0.169,1445,131.965,208.307,2.1976,2.694,0.2374,0.755,0.0076,-0.696,11.97,-6.441,8.966,10.964,13.946,6.69,34.1,110.84,110.91,-0.2613,-0.5461,-0.0407,-0.2323,-0.7066
c2,0.0,1.2,0.1,13,1.96,260.0,125.0,28.0,30.0,1,0.1677,1445,143.505,227.515,2.1797,2.953,0.3668,0.618,0.0152,-0.6,10.547,-6.621,10.353,14.017,15.699,7.69,29.35,118.16,118.24,-0.7521,-0.5633,-0.135,-0.1193,-0.2725
c2,0.0,1.2,0.1,14,1.94,270.0,125.0,24.0,40.0,1,0.1694,1445,137.875,219.16,2.2021,2.809,0.2595,0.7287,0.0118,-0.685,11.105,-6.517,9.126,10.704,13.232,6.28,34.38,110.88,110.95,-0.2687,-0.7055,0.0546,0.0126,-0.6573
c2,0.0,1.2,0.1,15,1.96,260.0,125.0,20.0,40.0,1,0.17,1445,139.429,223.493,2.2098,2.83,0.236,0.7543,0.0097,0.558,10.252,-5.546,9.696,-8.337,10.1,5.72,32.4,112.65,112.71,-0.4502,-0.6298,0.0265,0.2396,-0.5751
c2,0.0,1.2,0.1,16,1.97,260.0,125.0,20.0,40.0,1,0.17,1445,141.644,226.85,2.2105,2.874,0.2388,0.7488,0.0125,0.648,10.264,-5.524,9.624,-8.438,10.188,5.74,32.38,112.67,112.73,-0.451,-0.6423,0.046,0.2442,-0.5783
c2,0.0,1.2,0.1,17,1.95,260.0,125.0,20.0,40.0,1,0.1698,1445,137.961,220.107,2.2073,2.804,0.2339,0.7474,0.0187,0.526,10.275,-5.681,9.79,-8.093,9.934,5.69,32.52,112.63,112.69,-0.4492,-0.6153,0.0159,0.2314,-0.5713
c2,0.0,1.2,0.1,18,1.98,260.0,125.0,20.0,40.0,1,0.1692,1445,143.336,230.107,2.1993,2.924,0.2394,0.7453,0.0152,0.728,10.247,-5.553,9.603,-8.925,10.616,5.75,32.33,112.63,112.69,-0.4452,-0.6402,0.0397,0.2356,-0.5798
c2,0.0,1.2,0.1,19,1.92,270.0,125.0,24.0,40.0,1,0.1668,1445,134.787,213.05,2.1681,2.789,0.2491,0.7405,0.0104,-0.605,11.11,-6.498,9.155,10.612,13.158,6.22,34.44,110.83,110.9,-0.2583,-0.7087,0.0731,0.0104,-0.6588
c2,0.0,1.2,0.1,20,1.96,270.0,125.0,28.0,30.0,1,0.1657,1445,143.423,226.85,2.1535,2.988,0.3751,0.5972,0.0277,-0.439,12.113,-9.409,12.437,7.826,11.024,8.38,34.68,116.44,116.51,-0.6785,-0.4616,-0.173,-0.3493,-0.4147
c2,0.0,1.2,0.3,1,1.97,330.0,115.0,28.0,10.0,1,0.0312,1445,151.017,216.333,0.4062,16.679,0.6554,0.092,0.2526,-0.093,15.983,-8.199,11.714,-66.473,73.541,17.15,15.91,128.42,128.46,-0.943,-0.2169,-0.2774,-0.8831,-0.1082
c2,0.0,1.2,0.3,2,1.92,330.0,105.0,28.0,10.0,1,0.2713,1445,124.69,174.218,3.5273,1.586,0.6519,0.1183,0.2298,-0.103,14.822,-8.597,11.89,27.342,32.276,15.34,16.78,127.09,127.13,-0.9405,-0.2842,-0.2101,-0.8792,-0.3276
c2,0.0,1.2,0.3,3,1.95,330.0,115.0,28.0,10.0,1,0.0769,1445,148.361,212.801,1.0002,6.654,0.6796,0.0886,0.2318,0.182,16.478,-8.105,12.19,92.908,106.395,17.52,17.62,128.05,128.11,-0.9427,-0.1658,-0.229,-0.7864,-0.0334
c2,0.0,1.2,0.3,4,1.88,330.0,115.0,28.0,10.0,1,0.29,1445,138.035,195.478,3.7694,1.643,0.6519,0.1045,0.2436,0.154,16.14,-8.655,12.147,29.041,38.47,17.06,17.12,128.2,128.24,-0.944,-0.2375,-0.2341,-0.8434,-0.1525
c2,0.0,1.2,0.3,5,1.92,340.0,105.0,28.0,10.0,1,0.2879,1445,124.265,174.861,3.7431,1.489,0.6803,0.1239,0.1958,0.107,15.562,-8.378,12.108,35.938,40.877,16.16,16.86,126.87,126.9,-0.9438,-0.1699,-0.2943,-0.8527,-0.3186
c2,0.0,1.2,0.3,6,1.89,330.0,115.0,28.0,10.0,1,0.2681,1445,140.168,198.848,3.4849,1.804,0.6436,0.0969,0.2595,0.093,15.99,-8.527,12.18,32.144,45.83,16.9,17.21,128.25,128.3,-0.9447,-0.2006,-0.2137,-0.8388,-0.1293
c2,0.0,1.2,0.3,7,1.93,350.0,115.0,28.0,10.0,1,0.2089,1445,144.416,207.922,2.7152,2.386,0.6692,0.1087,0.2221,0.171,16.864,-7.745,11.611,-1.342,45.279,18.03,16.03,128.13,128.16,-0.9494,-0.1611,-0.332,-0.8679,-0.1258
c2,0.0,1.2,0.3,8,1.85,320.0,115.0,28.0,10.0,1,0.2795,1445,134.497,188.968,3.6338,1.66,0.6228,0.1107,0.2664,-0.647,14.664,-8.741,11.589,16.198,19.613,15.39,17.06,128.63,128.69,-0.9413,-0.6134,-0.0669,-0.8567,-0.3766
c2,0.0,1.2,0.3,9,1.98,330.0,105.0,28.0,10.0,1,0.0809,1445,129.522,180.974,1.0515,5.525,0.6471,0.1176,0.2353,-0.496,13.697,-7.098,10.742,86.845,89.667,14.38,13.32,127.76,127.8,-0.9418,-0.315,-0.17,-0.8899,-0.2361
c2,0.0,1.2,0.3,10,1.98,340.0,115.0,24.0,20.0,1,0.2707,1445,149.254,221.262,3.5187,1.903,0.6574,0.1585,0.1841,0.375,16.071,-8.779,11.874,39.09,43.571,14.77,24.96,123.08,123.12,-0.9043,-0.0735,-0.313,-0.8159,-0.3024
c2,0.0,1.2,0.3,11,1.93,330.0,105.0,28.0,10.0,1,0.0918,1445,124.34,173.536,1.1932,4.675,0.6471,0.1176,0.2353,-0.475,14.036,-7.859,11.171,86.174,89.995,14.61,14.96,127.52,127.56,-0.9416,-0.3767,-0.1585,-0.8945,-0.2128
c2,0.0,1.2,0.3,12,1.98,310.0,105.0,28.0,10.0,1,0.177,1445,132.262,184.846,2.3006,2.579,0.6325,0.1246,0.2429,-0.609,13.113,-8.628,11.692,62.433,74.065,13.56,17.06,127.44,127.5,-0.9323,-0.4383,-0.0809,-0.803,-0.1082
c2,0.0,1.2,0.3,13,1.97,0.0,125.0,28.0,10.0,1,0.2765,1445,178.7,264.089,3.5947,2.23,0.6851,0.0865,0.2284,0.777,18.394,-7.267,11.755,46.846,52.498,20.16,17.63,128.99,129.01,-0.9534,-0.1363,-0.2581,-0.8021,-0.247
c2,0.0,1.2,0.3,14,1.86,330.0,115.0,28.0,10.0,1,0.2868,1445,134.278,190.49,3.7287,1.615,0.6471,0.1031,0.2498,0.008,15.758,-8.693,12.355,19.512,28.704,16.65,17.94,128.21,128.26,-0.9442,-0.2042,-0.1822,-0.819,-0.1695
c2,0.0,1.2,0.3,15,1.88,320.0,115.0,28.0,10.0,1,0.2931,1445,138.963,196.002,3.8097,1.636,0.6228,0.1052,0.272,-0.401,14.887,-8.905,11.764,20.155,26.068,15.69,17.37,128.52,128.58,-0.9401,-0.5336,-0.0834,-0.8289,-0.199
c2,0.0,1.2,0.3,16,1.98,330.0,115.0,24.0,20.0,1,0.0904,1445,151.607,225.065,1.1757,5.785,0.6055,0.1356,0.2588,0.38,15.662,-9.325,11.689,-50.899,52.379,14.34,25.31,123.12,123.16,-0.8996,-0.3162,-0.2929,-0.9025,-0.4461
c2,0.0,1.2,0.3,17,1.97,350.0,105.0,28.0,10.0,1,0.271,1445,127.827,179.152,3.5226,1.628,0.683,0.1142,0.2028,-0.027,15.126,-7.455,11.248,22.269,30.086,15.86,14.8,127.25,127.27,-0.9474,-0.1581,-0.3066,-0.8977,-0.2789
c2,0.0,1.2,0.3,18,1.86,320.0,115.0,28.0,10.0,1,0.2821,1445,135.438,190.704,3.6678,1.656,0.6138,0.1156,0.2706,-0.57,14.604,-8.836,11.635,15.828,19.246,15.36,17.18,128.65,128.71,-0.9411,-0.625,-0.0608,-0.8576,-0.3704
c2,0.0,1.2,0.3,19,1.97,310.0,105.0,28.0,10.0,1,0.2842,1445,132.627,184.71,3.6944,1.61,0.6138,0.1218,0.2644,-0.777,13.116,-9.192,11.82,25.366,27.642,13.53,17.81,127.38,127.43,-0.9326,-0.6561,-0.0854,-0.8662,-0.4812
c2,0.0,1.2,0.3,20,1.85,340.0,115.0,28.0,10.0,1,0.2916,1445,132.771,187.419,3.791,1.571,0.6706,0.0997,0.2298,0.107,16.206,-8.152,11.891,19.724,32.091,17.14,16.28,128.29,128.32,-0.9492,-0.1918,-0.2396,-0.8705,-0.1882
c2,0.0,1.2,0.5,1,1.95,30.0,115.0,24.0,30.0,1,0.3106,1445,159.843,222.672,4.0372,1.776,0.7211,0.0048,0.274,2.703,20.316,-12.74,15.221,16.651,17.835,14.26,38.09,112.82,112.83,-0.8055,0.4898,-0.6552,-0.7897,-0.9355
c2,0.0,1.2,0.5,2,1.94,10.0,125.0,24.0,30.0,1,0.3059,1445,168.391,237.955,3.9767,1.9,0.6934,0.0014,0.3052,2.503,19.998,-12.354,15.051,17.406,18.649,14.25,37.96,114.72,114.75,-0.8127,0.5592,-0.4349,-0.8203,-0.8761
c2,0.0,1.2,0.5,3,1.89,280.0,115.0,28.0,10.0,1,0.2668,1445,133.494,186.163,3.4679,1.727,0.8381,0.0145,0.1474,0.303,13.763,-11.149,14.632,19.717,29.641,13.63,23.45,127.89,128.01,-0.9435,-0.1124,-0.0765,-0.7643,-0.0721
c2,0.0,1.2,0.5,4,1.91,20.0,125.0,24.0,30.0,0,nan,0,0.0,0.0,,,,,,,,,,,,,,,,,,,,
c2,0.0,1.2,0.5,5,1.96,40.0,115.0,24.0,30.0,1,0.3086,1445,163.913,229.824,4.0117,1.833,0.7176,0.0055,0.2768,2.772,20.191,-12.541,14.945,17.383,18.612,14.28,37.55,112.98,112.99,-0.8105,0.4143,-0.6244,-0.7573,-0.8974
c2,0.0,1.2,0.5,6,1.93,40.0,115.0,24.0,30.0,1,0.2713,1445,155.78,218.253,3.5271,1.981,0.7446,0.0069,0.2484,2.616,19.981,-11.904,14.439,17.455,19.529,13.82,36.52,113.42,113.44,-0.8163,0.2747,-0.4712,-0.7569,-0.6345
c2,0.0,1.2,0.5,7,1.91,10.0,125.0,24.0,30.0,1,0.3019,1445,162.223,228.336,3.9243,1.854,0.7024,0.0014,0.2962,2.25,20.221,-12.461,15.039,15.768,17.674,14.31,37.97,114.62,114.66,-0.8138,0.5426,-0.4069,-0.8195,-0.712
c2,0.0,1.2,0.5,8,1.93,30.0,125.0,24.0,30.0,1,0.3005,1445,173.659,245.07,3.9063,1.994,0.6789,0.0021,0.319,3.065,20.652,-11.62,14.229,17.162,19.504,15.29,36.29,114.95,114.97,-0.8318,0.2761,-0.5143,-0.7261,-0.6513
c2,0.0,1.2,0.5,9,1.95,300.0,95.0,28.0,10.0,1,0.2347,1445,107.452,142.498,3.0514,1.58,0.8554,0.0042,0.1405,0.465,13.338,-11.654,14.42,3.945,9.728,12.68,23.28,125.0,125.09,-0.9477,-0.1864,-0.069,-0.8571,-0.4997
c2,0.0,1.2,0.5,10,1.92,280.0,115.0,28.0,10.0,0,0.0544,1339,124.822,175.616,0.6552,8.546,0.8529,0.0119,0.1352,0.288,14.154,-7.715,17.109,-60.627,64.422,14.89,29.93,125.91,126.54,-0.9516,-0.183,-0.3256,-0.2425,-0.133
c2,0.0,1.2,0.5,11,1.96,300.0,105.0,28.0,10.0,1,0.2555,1445,126.588,172.196,3.3213,1.71,0.8228,0.0007,0.1765,0.615,13.492,-12.621,15.343,5.827,11.583,12.92,25.95,125.88,125.98,-0.9459,-0.2061,-0.047,-0.8329,-0.3977
c2,0.0,1.2,0.5,12,1.95,280.0,125.0,24.0,10.0,1,0.248,1445,162.318,231.184,3.2241,2.258,0.8311,0.0035,0.1654,0.21,12.5,-10.439,12.512,-8.126,10.327,13.17,19.82,131.22,131.32,-0.9515,-0.3718,-0.0564,-0.8885,-0.4695
c2,0.0,1.2,0.5,13,1.97,290.0,105.0,28.0,10.0,1,0.2497,1445,126.383,172.362,3.2466,1.746,0.8595,0.0042,0.1363,0.33,13.028,-13.443,15.572,-0.547,6.01,12.34,26.76,125.83,125.92,-0.9469,-0.4248,-0.0504,-0.9311,-0.7583
c2,0.0,1.2,0.5,14,1.96,0.0,125.0,20.0,30.0,1,0.1785,1445,162.667,227.652,2.3202,3.145,0.7502,0.0007,0.2491,1.263,18.419,-9.628,11.573,37.232,45.612,13.17,32.18,117.88,117.92,-0.8365,-0.0335,-0.12,-0.7827,-0.2399
c2,0.0,1.2,0.5,15,1.86,290.0,115.0,28.0,10.0,1,0.2072,1445,128.639,176.366,2.6939,2.142,0.8927,0.0042,0.1031,0.261,13.299,-13.963,16.055,-8.228,10.737,12.59,28.29,127.0,127.12,-0.9491,-0.4051,-0.0443,-0.9131,-0.7837
c2,0.0,1.2,0.5,16,1.96,290.0,105.0,28.0,10.0,1,0.2663,1445,125.278,171.198,3.4623,1.623,0.8415,0.0035,0.155,0.613,13.503,-12.549,15.275,-3.598,9.885,12.95,25.68,125.95,126.05,-0.9447,-0.1916,-0.0904,-0.8507,-0.3572
c2,0.0,1.2,0.5,17,1.94,290.0,105.0,28.0,10.0,1,0.2669,1445,122.358,166.929,3.4693,1.582,0.8498,0.0062,0.1439,0.468,13.495,-12.343,15.286,0.272,15.778,12.97,25.31,126.05,126.15,-0.9445,-0.1254,-0.0997,-0.8325,-0.227
c2,0.0,1.2,0.5,18,1.94,40.0,115.0,24.0,30.0,1,0.2894,1445,157.922,222.124,3.7622,1.883,0.737,0.0062,0.2567,2.602,20.059,-12.036,14.536,15.22,17.109,14.0,36.81,113.31,113.33,-0.8155,0.3658,-0.5505,-0.7699,-0.7369
c2,0.0,1.2,0.5,19,1.97,310.0,95.0,28.0,10.0,1,0.0786,1445,110.093,145.9,1.0218,4.833,0.8464,0.0048,0.1488,0.209,13.078,-11.204,14.042,75.161,82.678,12.59,22.49,125.17,125.24,-0.9493,-0.2075,-0.0162,-0.7993,-0.1171
c2,0.0,1.2,0.5,20,1.94,280.0,125.0,24.0,10.0,1,0.2429,1445,159.391,227.402,3.1581,2.264,0.8332,0.0048,0.1619,0.114,12.594,-10.499,12.505,-9.422,12.616,13.25,19.34,131.28,131.38,-0.9522,-0.4396,-0.0743,-0.9126,-0.3798
c2,0.0,1.2,0.7,1,1.94,260.0,105.0,28.0,10.0,1,0.1356,1445,96.306,137.222,1.7632,2.45,0.9723,0.0187,0.009,0.217,7.039,-5.013,10.227,15.563,30.229,7.45,12.55,129.04,129.09,-0.9656,-0.1235,0.0722,-0.5002,-0.1583
c2,0.0,1.2,0.7,2,1.7,270.0,85.0,28.0,10.0,1,0.1117,1445,65.668,81.122,1.4525,2.028,0.9848,0.0152,0.0,0.103,12.239,-9.372,12.124,-41.108,41.779,11.41,17.13,124.89,124.94,-0.9681,-0.4791,0.0159,-0.8742,-0.6267
c2,0.0,1.2,0.7,3,1.73,280.0,105.0,28.0,10.0,1,0.1437,1445,90.735,117.644,1.8677,2.179,0.9903,0.009,0.0007,0.767,12.302,-12.127,14.264,-10.042,14.127,11.54,23.15,126.65,126.73,-0.9667,-0.6564,-0.0005,-0.9077,-0.5631
c2,0.0,1.2,0.7,4,1.55,300.0,85.0,28.0,10.0,1,0.0432,1445,61.979,73.476,0.562,4.948,0.9875,0.0035,0.009,0.593,14.843,-9.719,12.604,-63.89,64.717,13.45,17.76,124.24,124.3,-0.9712,-0.3902,-0.007,-0.8245,-0.4052
c2,0.0,1.2,0.7,5,1.89,240.0,125.0,16.0,20.0,1,0.1061,1445,130.768,193.979,1.3796,4.252,0.9779,0.0208,0.0014,-0.403,9.945,-6.38,9.769,37.902,40.089,9.59,20.57,128.43,128.49,-0.9443,-0.1266,0.0368,-0.33,-0.0471
c2,0.0,1.2,0.7,6,1.87,240.0,125.0,16.0,20.0,1,0.067,1445,130.345,191.211,0.8704,6.717,0.9813,0.0125,0.0062,0.166,11.03,-6.246,10.383,-48.792,69.559,10.63,21.57,128.1,128.18,-0.9411,0.0777,-0.1768,-0.4819,-0.032
c2,0.0,1.2,0.7,7,1.69,280.0,85.0,28.0,10.0,1,0.0417,1445,68.469,88.496,0.5415,5.672,0.928,0.0554,0.0166,-0.097,12.986,-6.383,15.001,-72.266,75.848,12.11,25.06,123.35,123.45,-0.9512,-0.0022,-0.1076,-0.4764,-0.1537
c2,0.0,1.2,0.7,8,1.75,280.0,105.0,28.0,10.0,1,0.1241,1445,92.498,121.178,1.613,2.572,0.9806,0.0131,0.0062,0.405,12.045,-11.328,13.901,-26.867,27.948,11.37,22.48,126.81,126.9,-0.965,-0.3329,-0.0024,-0.858,-0.7482
c2,0.0,1.2,0.7,9,1.6,290.0,95.0,28.0,10.0,1,0.1371,1445,71.058,86.968,1.7825,1.788,0.991,0.0035,0.0055,0.378,13.869,-10.882,13.433,-7.071,10.189,12.64,20.94,125.3,125.38,-0.9697,-0.4232,0.0187,-0.8567,-0.6968
c2,0.0,1.2,0.7,10,1.61,290.0,85.0,28.0,10.0,1,0.1273,1445,63.408,75.81,1.6543,1.719,0.991,0.0076,0.0014,0.327,13.629,-9.656,12.479,-15.564,16.781,12.48,17.91,124.49,124.55,-0.9703,-0.4256,0.0265,-0.8237,-0.7448
c2,0.0,1.2,0.7,11,1.77,280.0,105.0,28.0,10.0,1,0.121,1445,94.501,124.119,1.573,2.695,0.9841,0.0159,0.0,0.512,11.855,-12.04,14.418,-28.626,30.027,11.15,23.98,126.57,126.66,-0.9646,-0.3442,-0.0049,-0.8651,-0.6317
c2,0.0,1.2,0.7,12,1.78,280.0,105.0,28.0,10.0,1,0.1388,1445,94.336,124.091,1.8044,2.345,0.9889,0.0104,0.0007,0.543,11.672,-11.808,13.973,7.136,22.439,11.05,22.78,126.87,126.96,-0.9666,-0.6667,0.0128,-0.8941,-0.2611
c2,0.0,1.2,0.7,13,1.94,260.0,105.0,20.0,10.0,1,0.1294,1445,96.728,134.742,1.6823,2.579,0.9758,0.0242,0.0,0.055,8.279,-6.064,7.987,24.226,25.368,9.0,7.34,130.72,130.77,-0.9683,-0.7179,-0.0388,-0.9741,-0.6514
c2,0.0,1.2,0.7,14,1.98,270.0,85.0,20.0,20.0,1,0.1323,1445,82.35,110.294,1.72,2.148,0.9765,0.0235,0.0,0.071,10.488,-8.409,10.107,17.456,27.211,8.83,22.16,121.26,121.3,-0.9249,-0.351,-0.0229,-0.9145,-0.2038
c2,0.0,1.2,0.7,15,1.79,280.0,105.0,28.0,10.0,0,nan,0,0.0,0.0,,,,,,,,,,,,,,,,,,,,
c2,0.0,1.2,0.7,16,1.7,280.0,115.0,24.0,10.0,1,0.1049,1445,98.121,129.095,1.3643,3.226,0.9841,0.0159,0.0,0.111,12.406,-9.431,11.544,-35.676,41.158,12.47,16.96,129.95,130.05,-0.969,-0.4075,-0.0278,-0.9363,-0.2226
c2,0.0,1.2,0.7,17,1.72,280.0,115.0,24.0,10.0,1,0.1162,1445,101.216,133.497,1.5109,3.005,0.991,0.009,0.0,0.42,12.331,-9.721,11.852,-26.131,31.121,12.41,17.55,129.83,129.92,-0.9681,-0.3771,-0.0305,-0.9109,-0.2901
c2,0.0,1.2,0.7,18,1.64,310.0,85.0,20.0,20.0,1,0.1076,1445,64.125,80.411,1.3985,2.057,0.8962,0.101,0.0028,-0.111,13.9,-7.338,9.493,-25.476,40.667,11.28,20.1,121.07,121.11,-0.9361,-0.2609,-0.0098,-0.8236,-0.1547
c2,0.0,1.2,0.7,19,1.88,240.0,125.0,16.0,20.0,1,0.1426,1445,135.267,198.519,1.8534,3.274,0.9917,0.0055,0.0028,-0.547,11.206,-6.171,8.288,18.361,22.882,11.08,16.45,128.83,128.89,-0.9402,-0.0879,-0.1065,-0.6283,-0.1241
c2,0.0,1.2,0.7,20,1.89,270.0,105.0,20.0,10.0,1,0.1233,1445,96.981,131.383,1.603,2.714,0.9785,0.0215,0.0,0.154,9.898,-6.691,8.557,-13.465,20.875,10.59,8.73,130.38,130.44,-0.9667,-0.5956,-0.0484,-0.9697,-0.2991
c3,0.0,1.31,0.1,1,1.9,280.0,105.0,28.0,10.0,1,0.1611,1445,87.673,126.996,2.0942,1.878,0.326,0.6692,0.0048,-0.521,9.988,-3.542,8.759,6.798,11.152,11.16,12.29,147.31,147.36,-0.9125,-0.759,-0.1595,-0.4224,-0.0291
c3,0.0,1.31,0.1,2,1.88,280.0,105.0,28.0,10.0,1,0.1611,1445,85.273,122.804,2.0941,1.827,0.3135,0.6824,0.0042,-0.271,9.914,-3.489,8.757,7.293,11.458,11.08,11.95,147.35,147.4,-0.9144,-0.7507,-0.1532,-0.417,-0.0172
c3,0.0,1.31,0.1,3,1.82,280.0,105.0,28.0,10.0,1,0.1513,1445,79.412,112.768,1.9671,1.811,0.3031,0.6886,0.0083,-0.252,9.901,-3.147,8.887,8.023,12.819,10.96,11.85,147.34,147.39,-0.9172,-0.6025,-0.1475,-0.4105,-0.0234
c3,0.0,1.31,0.1,4,1.98,280.0,105.0,28.0,10.0,1,0.1622,1445,98.174,145.615,2.1085,2.089,0.3599,0.6367,0.0035,-0.49,10.138,-3.754,8.658,4.869,10.217,11.42,13.01,147.22,147.26,-0.9073,-0.7731,-0.1363,-0.437,-0.0501
c3,0.0,1.31,0.1,5,1.97,280.0,105.0,28.0,10.0,1,0.162,1445,96.786,143.122,2.1059,2.062,0.3612,0.636,0.0028,-0.57,10.131,-3.668,8.643,5.228,10.388,11.43,12.98,147.27,147.32,-0.9088,-0.7691,-0.1333,-0.4311,-0.0437
c3,0.0,1.31,0.1,6,1.96,280.0,105.0,28.0,10.0,1,0.1621,1445,95.112,140.576,2.1079,2.024,0.346,0.6491,0.0048,-0.671,10.098,-3.604,8.66,5.272,10.407,11.39,12.86,147.28,147.33,-0.9087,-0.7609,-0.1439,-0.4254,-0.0413
c3,0.0,1.31,0.1,7,1.76,290.0,115.0,28.0,10.0,1,0.1529,1445,88.707,128.287,1.9872,2.002,0.3128,0.6761,0.0111,-0.432,11.641,-3.572,8.987,6.329,11.509,13.12,12.91,148.53,148.58,-0.9241,-0.662,-0.1265,-0.4482,-0.0057
c3,0.0,1.31,0.1,8,1.75,290.0,115.0,28.0,10.0,1,0.1526,1445,87.739,126.955,1.9841,1.984,0.3287,0.6678,0.0035,-0.546,11.656,-3.64,9.064,6.309,11.988,13.1,13.24,148.46,148.51,-0.9231,-0.6181,-0.1309,-0.4475,-0.0256
c3,0.0,1.31,0.1,9,1.84,290.0,115.0,28.0,10.0,1,0.1475,1445,101.18,150.008,1.9171,2.368,0.3896,0.5986,0.0118,-0.457,11.987,-4.19,9.185,4.678,11.756,13.6,14.45,148.3,148.35,-0.9178,-0.5514,-0.1296,-0.4554,-0.0413
c3,0.0,1.31,0.1,10,1.8,280.0,105.0,28.0,10.0,1,0.1499,1445,77.425,109.33,1.9492,1.782,0.2976,0.6976,0.0048,-0.483,9.892,-3.025,8.881,8.395,13.192,10.95,11.77,147.37,147.42,-0.9186,-0.6059,-0.1534,-0.4032,-0.0223
c3,0.0,1.31,0.1,11,1.81,290.0,105.0,28.0,10.0,1,0.1478,1445,82.535,118.118,1.9219,1.926,0.382,0.6104,0.0076,-0.494,11.107,-4.114,9.142,5.747,11.115,12.19,14.32,146.93,146.97,-0.9127,-0.6572,-0.1233,-0.5363,-0.1309
c3,0.0,1.31,0.1,12,1.72,290.0,115.0,28.0,10.0,1,0.1497,1445,84.753,120.714,1.9465,1.953,0.3107,0.6824,0.0069,-0.169,11.608,-3.693,9.132,6.706,12.046,12.97,12.78,148.48,148.53,-0.9262,-0.6201,-0.1434,-0.4607,-0.0313
c3,0.0,1.31,0.1,13,1.84,280.0,95.0,28.0,10.0,1,0.1461,1445,70.569,98.708,1.8998,1.666,0.3439,0.6436,0.0125,-0.373,9.199,-3.376,8.831,7.564,12.043,9.99,12.03,146.03,146.07,-0.9095,-0.6908,-0.1598,-0.4949,-0.1538
c3,0.0,1.31,0.1,14,1.86,290.0,115.0,28.0,10.0,1,0.1459,1445,103.675,154.944,1.8962,2.453,0.382,0.6035,0.0145,-0.441,12.043,-4.275,9.169,4.705,11.69,13.7,14.73,148.28,148.33,-0.9161,-0.5544,-0.1154,-0.4616,-0.0316
c3,0.0,1.31,0.1,15,1.94,280.0,115.0,28.0,10.0,1,0.1408,1445,108.712,164.562,1.8307,2.664,0.3301,0.6561,0.0138,-0.527,10.718,-3.21,8.504,6.763,10.922,12.47,11.41,148.88,148.93,-0.9199,-0.8186,-0.1442,-0.3125,0.0817
c3,0.0,1.31,0.1,16,1.71,290.0,115.0,28.0,10.0,1,0.1497,1445,83.697,118.876,1.9467,1.929,0.3066,0.6837,0.0097,-0.188,11.661,-3.655,9.101,6.874,12.107,13.03,12.89,148.5,148.55,-0.9272,-0.6375,-0.1287,-0.4559,-0.0199
c3,0.0,1.31,0.1,17,1.79,280.0,105.0,28.0,10.0,1,0.1494,1445,76.899,108.24,1.9418,1.777,0.2824,0.7121,0.0055,-0.483,9.962,-3.257,8.945,8.354,13.238,11.01,12.14,147.37,147.41,-0.9193,-0.5824,-0.1596,-0.4083,-0.0226
c3,0.0,1.31,0.1,18,1.85,280.0,95.0,28.0,10.0,1,0.1451,1445,71.469,100.352,1.8861,1.7,0.3612,0.6284,0.0104,-0.429,9.211,-3.339,8.812,7.525,12.087,10.0,12.08,146.01,146.05,-0.9083,-0.6918,-0.1548,-0.4973,-0.1579
c3,0.0,1.31,0.1,19,1.82,280.0,95.0,28.0,10.0,1,0.1453,1445,68.143,94.346,1.8893,1.618,0.3218,0.6692,0.009,-0.311,9.133,-3.126,8.799,8.209,12.169,9.85,11.57,146.03,146.07,-0.9107,-0.7258,-0.1482,-0.4969,-0.1514
c3,0.0,1.31,0.1,20,1.81,280.0,105.0,28.0,10.0,1,0.1503,1445,78.164,110.704,1.9542,1.794,0.3038,0.6879,0.0083,-0.375,9.87,-2.974,8.818,8.314,13.045,10.95,11.63,147.4,147.45,-0.9187,-0.6111,-0.1402,-0.4017,-0.0172
c3,0.0,1.31,0.3,1,1.98,300.0,105.0,28.0,10.0,1,0.284,1445,143.488,204.288,3.6923,1.743,0.5785,0.1239,0.2976,-0.258,13.932,-14.338,16.73,-34.928,38.762,13.82,39.45,141.55,141.62,-0.8708,-0.1312,-0.2474,-0.849,-0.1679
c3,0.0,1.31,0.3,2,1.97,340.0,125.0,20.0,20.0,1,0.2836,1445,174.107,264.005,3.6866,2.119,0.6754,0.1142,0.2104,0.821,17.809,-10.19,12.395,38.971,42.896,16.65,37.9,140.56,140.6,-0.8544,0.1274,-0.3729,-0.8593,-0.2209
c3,0.0,1.31,0.3,3,1.88,40.0,105.0,28.0,10.0,1,0.2498,1445,118.728,163.132,3.247,1.64,0.717,0.1183,0.1647,-0.005,14.3,-6.438,10.626,0.616,8.099,15.12,19.98,145.69,145.7,-0.9407,0.1174,-0.1837,-0.891,-0.8585
c3,0.0,1.31,0.3,4,1.86,0.0,115.0,24.0,10.0,1,0.2311,1445,133.645,188.682,3.0042,1.996,0.6997,0.0699,0.2304,1.515,17.195,-7.957,11.25,5.128,38.798,18.89,22.23,146.79,146.8,-0.9332,0.1442,-0.4912,-0.9326,-0.0712
c3,0.0,1.31,0.3,5,1.96,340.0,125.0,20.0,20.0,1,0.3401,1445,173.835,262.913,4.4211,1.764,0.71,0.0941,0.1958,0.757,17.975,-9.576,11.806,33.827,35.672,17.06,36.1,140.99,141.02,-0.8586,0.562,-0.5738,-0.942,-0.277
c3,0.0,1.31,0.3,6,1.93,280.0,95.0,28.0,10.0,1,0.3013,1445,118.496,165.162,3.9164,1.357,0.6782,0.1232,0.1986,-0.003,10.712,-13.26,15.737,11.066,15.23,10.39,36.45,141.56,141.6,-0.8713,-0.2009,-0.2489,-0.871,-0.5078
c3,0.0,1.31,0.3,7,1.87,40.0,105.0,28.0,10.0,1,0.3009,1445,119.121,163.924,3.9117,1.366,0.7266,0.0913,0.182,-0.114,15.232,-9.567,12.459,-0.545,9.397,15.49,27.67,144.17,144.18,-0.9346,-0.285,-0.0459,-0.8719,-0.5396
c3,0.0,1.31,0.3,8,1.95,30.0,95.0,28.0,10.0,1,0.1397,1445,123.249,175.186,1.816,3.044,0.674,0.1336,0.1924,-0.25,15.674,-11.789,14.228,-40.452,45.307,15.31,33.17,141.34,141.36,-0.9107,-0.3007,-0.2011,-0.9362,-0.2795
c3,0.0,1.31,0.3,9,1.96,330.0,125.0,20.0,20.0,1,0.2669,1445,169.287,258.55,3.4693,2.189,0.6311,0.1315,0.2374,0.213,16.524,-10.972,12.77,40.547,42.31,15.38,40.11,140.3,140.35,-0.8437,0.0491,-0.3435,-0.8504,-0.271
c3,0.0,1.31,0.3,10,1.95,330.0,125.0,20.0,20.0,1,0.2506,1445,168.485,256.982,3.2579,2.32,0.636,0.1239,0.2401,0.161,16.467,-10.989,12.791,40.082,41.678,15.28,40.15,140.33,140.37,-0.8456,0.0401,-0.336,-0.8499,-0.2914
c3,0.0,1.31,0.3,11,1.85,340.0,125.0,20.0,20.0,1,0.0923,1445,151.337,228.598,1.1996,5.659,0.6574,0.1239,0.2187,0.402,17.023,-10.743,12.746,-51.316,53.027,15.53,39.53,140.33,140.37,-0.8578,0.0145,-0.3087,-0.8398,-0.3216
c3,0.0,1.31,0.3,12,1.91,280.0,95.0,28.0,10.0,1,0.2899,1445,115.66,160.518,3.7693,1.376,0.6886,0.119,0.1924,-0.183,10.624,-12.866,15.385,11.335,15.47,10.31,35.65,141.78,141.82,-0.8734,-0.2098,-0.2315,-0.875,-0.5294
c3,0.0,1.31,0.3,13,1.87,310.0,115.0,28.0,10.0,0,0.3194,111,11.703,17.968,0.3191,1.645,0.4054,0.1982,0.3964,8.948,27.314,-36.294,39.612,58.229,61.39,32.97,83.29,112.11,118.71,-0.9428,-0.3073,-0.7168,-0.5888,0.7408
c3,0.0,1.31,0.3,14,1.95,340.0,125.0,20.0,20.0,1,0.2949,1445,168.671,255.684,3.834,1.974,0.6872,0.119,0.1938,0.307,17.718,-9.89,12.1,39.168,43.308,16.49,37.39,140.74,140.78,-0.8559,0.0929,-0.3564,-0.8521,-0.2178
c3,0.0,1.31,0.3,15,1.84,40.0,105.0,28.0,10.0,1,0.1599,1445,132.329,192.679,2.0786,2.856,0.6671,0.1592,0.1737,0.155,16.918,-12.781,15.0,42.381,43.117,16.49,35.4,141.86,141.89,-0.9204,-0.5242,-0.1037,-0.9429,-0.7982
c3,0.0,1.31,0.3,16,1.92,0.0,125.0,20.0,20.0,1,0.2243,1445,165.378,252.78,2.9165,2.544,0.7003,0.1343,0.1654,0.868,17.844,-9.616,11.651,37.534,39.221,16.6,36.28,141.02,141.04,-0.8731,0.1721,-0.6449,-0.9513,-0.4165
c3,0.0,1.31,0.3,17,1.94,10.0,115.0,28.0,10.0,1,0.3074,1445,160.864,232.398,3.9962,1.806,0.6997,0.0422,0.2581,1.642,19.473,-10.936,14.193,33.441,36.69,20.27,31.44,143.52,143.55,-0.9179,0.0612,-0.3858,-0.9221,-0.1806
c3,0.0,1.31,0.3,18,1.84,0.0,115.0,24.0,10.0,1,-0.0173,1445,130.385,181.995,-0.2253,,0.7176,0.0678,0.2145,1.438,17.004,-7.73,11.067,112.766,113.52,18.65,21.59,146.95,146.97,-0.9341,0.1829,-0.4988,-0.9433,-0.1517
c3,0.0,1.31,0.3,19,1.98,320.0,115.0,16.0,10.0,1,0.2366,1445,136.47,199.944,3.0761,1.99,0.7176,0.0955,0.1869,0.235,13.907,-5.103,7.152,54.101,55.997,16.73,11.92,150.31,150.33,-0.9348,-0.3267,-0.1639,-0.656,-0.1454
c3,0.0,1.31,0.3,20,1.87,0.0,115.0,24.0,10.0,1,0.2627,1445,137.062,193.747,3.4152,1.8,0.7142,0.0699,0.2159,1.403,17.271,-8.023,11.186,37.723,44.166,18.89,22.32,146.75,146.76,-0.9323,0.0609,-0.3979,-0.924,-0.1732
c3,0.0,1.31,0.5,1,1.43,320.0,85.0,24.0,10.0,1,0.1522,1445,58.821,70.326,1.9786,1.334,0.9439,0.0048,0.0512,0.023,16.592,-9.193,11.908,4.595,8.885,15.04,24.93,142.35,142.4,-0.949,-0.2593,0.0471,-0.7801,-0.3684
c3,0.0,1.31,0.5,2,1.71,330.0,85.0,16.0,20.0,1,0.1232,1445,70.011,88.751,1.6022,1.96,0.9024,0.0429,0.0547,0.543,14.437,-8.38,9.857,24.157,28.926,11.81,31.28,138.11,138.14,-0.8878,-0.2143,0.0318,-0.772,-0.1618
c3,0.0,1.31,0.5,3,1.42,320.0,85.0,24.0,10.0,1,0.1454,1445,57.975,69.683,1.8897,1.376,0.9433,0.0028,0.054,0.453,16.833,-8.745,11.851,-0.945,13.762,15.33,24.16,142.42,142.48,-0.9494,-0.1854,0.0584,-0.7265,-0.1691
c3,0.0,1.31,0.5,4,1.72,330.0,85.0,16.0,20.0,1,0.1311,1445,70.737,87.825,1.7046,1.862,0.9273,0.0076,0.0651,1.076,14.221,-8.385,9.694,14.922,15.324,11.67,30.91,138.25,138.27,-0.8927,-0.2168,-0.0496,-0.8711,-0.6009
c3,0.0,1.31,0.5,5,1.52,320.0,85.0,20.0,10.0,1,0.1046,1445,54.859,66.925,1.3596,1.81,0.8955,0.0844,0.0201,0.301,12.982,-5.532,8.027,12.046,19.107,13.11,13.41,145.52,145.54,-0.9536,-0.2957,-0.0402,-0.8188,-0.2842
c3,0.0,1.31,0.5,6,1.73,330.0,85.0,16.0,20.0,1,0.1305,1445,70.737,87.877,1.6962,1.871,0.9322,0.0097,0.0581,0.923,14.085,-8.346,9.599,14.765,15.246,11.59,30.94,138.29,138.31,-0.8925,-0.3124,-0.0368,-0.8757,-0.5555
c3,0.0,1.31,0.5,7,1.86,300.0,105.0,12.0,20.0,1,0.0628,1445,97.988,133.356,0.817,5.38,0.9343,0.009,0.0567,-0.008,12.579,-7.538,8.31,-55.412,56.151,11.62,28.09,142.8,142.85,-0.897,-0.3998,-0.0104,-0.9424,-0.143
c3,0.0,1.31,0.5,8,1.87,300.0,105.0,12.0,20.0,1,0.0656,1445,99.759,135.456,0.8528,5.248,0.9315,0.0125,0.0561,0.123,12.614,-7.709,8.453,-51.331,52.598,11.68,28.37,142.72,142.77,-0.8967,-0.5156,-0.0301,-0.9581,-0.1224
c3,0.0,1.31,0.5,9,1.92,300.0,115.0,12.0,20.0,1,0.0773,1445,122.412,172.481,1.0048,5.465,0.9343,0.0062,0.0595,0.109,12.105,-8.105,8.744,-36.492,38.341,11.47,29.85,144.1,144.16,-0.8953,-0.5975,-0.0032,-0.957,-0.1815
c3,0.0,1.31,0.5,10,1.7,280.0,115.0,20.0,10.0,1,0.1199,1445,96.868,129.339,1.5581,2.789,0.973,0.009,0.018,0.105,11.729,-8.944,10.662,26.865,27.63,12.23,22.85,148.89,148.96,-0.9503,-0.3817,0.005,-0.9113,-0.5435
c3,0.0,1.31,0.5,11,1.4,320.0,95.0,20.0,10.0,1,0.1146,1445,57.522,68.649,1.4892,1.733,0.9315,0.0422,0.0263,0.365,14.985,-5.929,8.314,20.834,26.101,15.06,14.52,146.21,146.24,-0.9615,-0.2889,-0.0654,-0.8162,-0.1956
c3,0.0,1.31,0.5,12,1.78,320.0,95.0,12.0,20.0,1,0.0954,1445,78.404,101.073,1.2408,2.835,0.9433,0.0083,0.0484,0.088,13.162,-6.87,7.69,30.42,30.643,11.89,26.18,141.6,141.63,-0.9057,-0.3738,0.0078,-0.9236,-0.363
c3,0.0,1.31,0.5,13,1.89,300.0,115.0,12.0,20.0,1,0.0956,1445,119.422,166.635,1.2423,4.312,0.9502,0.0048,0.045,0.268,11.89,-8.179,8.861,23.776,28.132,11.21,30.01,144.1,144.16,-0.8991,-0.451,0.0106,-0.9193,-0.1561
c3,0.0,1.31,0.5,14,1.4,320.0,85.0,20.0,10.0,1,0.0938,1445,45.437,57.737,1.2189,1.672,0.7453,0.2408,0.0138,-0.489,10.636,-4.514,7.583,17.958,22.241,10.82,13.56,145.89,145.9,-0.9444,-0.385,-0.0342,-0.7231,-0.7155
c3,0.0,1.31,0.5,15,1.96,310.0,105.0,12.0,20.0,1,0.0776,1445,107.622,148.071,1.0084,4.788,0.9239,0.0069,0.0692,0.068,11.985,-7.614,8.306,-41.721,43.329,11.26,28.59,142.81,142.85,-0.8923,-0.5137,-0.0139,-0.9679,-0.1792
c3,0.0,1.31,0.5,16,1.92,300.0,95.0,12.0,20.0,1,0.075,1445,88.799,120.193,0.9751,4.085,0.9308,0.0111,0.0581,-0.099,11.898,-7.227,8.081,-42.234,46.387,10.97,27.32,141.59,141.62,-0.891,-0.2168,-0.0573,-0.9035,-0.0752
c3,0.0,1.31,0.5,17,1.9,310.0,95.0,12.0,20.0,1,0.093,1445,87.465,115.67,1.2096,3.244,0.9599,0.0097,0.0304,0.131,11.302,-7.124,7.913,15.02,18.483,10.39,27.17,141.72,141.75,-0.9002,-0.343,0.0078,-0.9239,-0.1923
c3,0.0,1.31,0.5,18,1.91,300.0,115.0,12.0,20.0,1,0.087,1445,120.895,170.038,1.1311,4.795,0.9606,0.0062,0.0332,0.005,11.45,-8.116,8.756,-17.798,19.129,10.8,30.1,144.15,144.21,-0.8994,-0.4826,-0.0022,-0.9345,-0.2878
c3,0.0,1.31,0.5,19,1.84,280.0,125.0,16.0,10.0,1,0.0971,1445,126.66,178.531,1.2628,4.499,0.9834,0.0097,0.0069,0.038,9.567,-7.24,8.501,-11.157,12.531,11.05,16.88,152.46,152.53,-0.9521,-0.4509,-0.0464,-0.9471,-0.7138
c3,0.0,1.31,0.5,20,1.91,300.0,95.0,12.0,20.0,1,0.0829,1445,87.93,118.784,1.0782,3.659,0.9322,0.0083,0.0595,-0.087,11.897,-7.27,8.126,-38.46,44.575,10.93,27.47,141.56,141.59,-0.8913,-0.265,-0.0494,-0.8955,-0.0584
c3,0.0,1.31,0.7,1,1.72,280.0,125.0,16.0,10.0,1,0.0841,1445,108.776,149.171,1.0936,4.462,0.982,0.0159,0.0021,0.24,9.713,-6.475,8.95,33.487,34.247,10.96,18.28,152.22,152.3,-0.9568,-0.1061,-0.0085,-0.6518,-0.4485
c3,0.0,1.31,0.7,2,1.68,270.0,125.0,16.0,10.0,1,0.0968,1445,103.401,142.04,1.2589,3.685,0.9855,0.0125,0.0021,0.149,10.077,-6.647,9.17,20.169,24.989,11.26,18.5,152.18,152.25,-0.9562,-0.1283,-0.0002,-0.6303,-0.2223
c3,0.0,1.31,0.7,3,1.06,340.0,125.0,16.0,10.0,1,0.088,1445,48.611,64.202,1.1441,1.906,0.7433,0.2567,0.0,-0.855,15.269,-3.399,5.95,29.233,37.135,17.34,8.92,151.74,151.75,-0.9756,-0.6452,0.1033,-0.6812,-0.4292
c3,0.0,1.31,0.7,4,1.12,340.0,115.0,16.0,10.0,1,0.084,1445,44.981,59.156,1.0923,1.847,0.6623,0.3377,0.0,-0.541,13.802,-3.173,6.037,34.732,38.839,15.41,9.25,150.57,150.57,-0.9727,-0.4682,0.0166,-0.6879,-0.5731
c3,0.0,1.31,0.7,5,1.05,290.0,85.0,24.0,10.0,1,0.0762,1445,31.706,39.674,0.991,1.435,0.5398,0.4602,0.0,-0.218,9.889,-3.627,9.047,37.372,43.714,9.74,12.31,145.35,145.38,-0.9493,-0.3852,-0.0569,-0.5993,-0.5544
c3,0.0,1.31,0.7,6,1.73,300.0,115.0,12.0,20.0,1,0.0914,1445,102.605,138.86,1.1883,3.873,0.9869,0.0062,0.0069,0.492,12.286,-8.567,10.276,-4.164,5.589,11.05,32.81,143.35,143.43,-0.9045,-0.1332,0.0221,-0.5407,-0.5029
c3,0.0,1.31,0.7,7,1.05,330.0,125.0,16.0,10.0,1,0.086,1445,46.898,61.947,1.1178,1.882,0.7038,0.2962,0.0,-0.763,15.029,-3.129,5.857,19.366,25.729,17.17,8.52,151.86,151.87,-0.9751,-0.5849,0.05,-0.6191,-0.5566
c3,0.0,1.31,0.7,8,1.24,300.0,105.0,20.0,10.0,1,0.0685,1445,56.132,65.967,0.8909,2.826,0.9945,0.0042,0.0014,0.418,16.807,-6.226,11.093,49.056,52.704,16.54,22.46,146.11,146.2,-0.9663,-0.0958,-0.0241,-0.4632,-0.0918
c3,0.0,1.31,0.7,9,1.12,350.0,115.0,16.0,10.0,1,0.0844,1445,44.935,59.05,1.0967,1.838,0.6657,0.3343,0.0,-0.434,13.983,-3.371,6.465,37.926,42.978,15.51,10.34,150.45,150.45,-0.9743,-0.3637,0.0022,-0.7035,-0.5318
c3,0.0,1.31,0.7,10,1.04,340.0,125.0,16.0,10.0,1,0.0818,1445,46.218,60.979,1.0631,1.95,0.6955,0.3045,0.0,-0.407,15.309,-3.549,6.382,19.059,30.617,17.38,10.18,151.69,151.69,-0.9766,-0.4852,0.0974,-0.6248,-0.4229
c3,0.0,1.31,0.7,11,1.04,330.0,125.0,16.0,10.0,1,0.0828,1445,46.358,61.208,1.076,1.933,0.7087,0.2913,0.0,-0.39,14.952,-3.231,5.981,22.631,30.053,17.12,9.05,151.85,151.86,-0.9753,-0.5262,0.0397,-0.5993,-0.4678
c3,0.0,1.31,0.7,12,1.05,340.0,125.0,16.0,10.0,1,0.0853,1445,47.613,62.793,1.1086,1.927,0.7349,0.2651,0.0,-0.794,15.382,-3.459,6.104,27.177,34.122,17.44,9.44,151.71,151.72,-0.9763,-0.5922,0.1161,-0.6562,-0.4904
c3,0.0,1.31,0.7,13,1.07,280.0,85.0,24.0,10.0,1,0.0818,1445,31.579,39.528,1.0636,1.332,0.5163,0.4837,0.0,-0.43,9.103,-3.359,8.562,8.062,18.196,9.02,11.01,145.56,145.6,-0.946,-0.6131,-0.0091,-0.5802,-0.7134
c3,0.0,1.31,0.7,14,1.12,330.0,115.0,16.0,10.0,1,0.0821,1445,44.69,58.693,1.0669,1.879,0.6574,0.3426,0.0,-0.515,13.447,-2.763,5.79,16.291,21.724,15.15,7.54,150.75,150.76,-0.9716,-0.4407,-0.026,-0.6955,-0.6298
c3,0.0,1.31,0.7,15,1.06,280.0,85.0,24.0,10.0,1,0.0765,1445,30.946,38.351,0.9939,1.397,0.4671,0.5329,0.0,-0.347,9.053,-3.259,8.628,8.848,18.783,8.96,10.61,145.56,145.6,-0.9478,-0.5836,-0.0337,-0.5818,-0.7116
c3,0.0,1.31,0.7,16,1.08,340.0,115.0,16.0,10.0,1,0.0819,1445,43.011,56.094,1.0652,1.811,0.672,0.328,0.0,-0.465,13.697,-3.244,6.048,34.131,40.09,15.26,8.63,150.61,150.61,-0.9736,-0.5907,0.0551,-0.6569,-0.4683
c3,0.0,1.31,0.7,17,1.11,350.0,115.0,16.0,10.0,1,0.0797,1445,44.771,58.481,1.0364,1.938,0.69,0.31,0.0,-0.797,13.983,-3.365,6.023,38.47,43.913,15.5,9.16,150.52,150.53,-0.9744,-0.5299,0.0515,-0.7496,-0.5212
c3,0.0,1.31,0.7,18,1.11,340.0,115.0,16.0,10.0,1,0.0819,1445,44.767,58.796,1.0651,1.886,0.6782,0.3218,0.0,-0.715,13.775,-3.084,6.049,31.656,35.999,15.37,8.81,150.59,150.6,-0.9729,-0.4624,-0.021,-0.7026,-0.5869
c3,0.0,1.31,0.7,19,1.1,330.0,115.0,16.0,10.0,1,0.0795,1445,43.484,57.02,1.0336,1.887,0.6616,0.3384,0.0,-0.742,13.526,-2.901,5.96,20.04,26.307,15.21,8.9,150.69,150.7,-0.972,-0.4441,-0.0272,-0.622,-0.5489
c3,0.0,1.31,0.7,20,1.11,330.0,115.0,16.0,10.0,1,0.0831,1445,44.742,58.828,1.0806,1.857,0.6837,0.3163,0.0,-0.846,13.552,-2.978,5.684,5.908,15.669,15.19,8.38,150.67,150.68,-0.9712,-0.5751,0.0029,-0.6509,-0.6466
c4,2.0,1.05,0.1,1,1.8,340.0,115.0,28.0,10.0,1,0.2788,1445,127.385,186.75,3.6243,1.577,0.4886,0.3398,0.1716,0.53,13.473,-2.879,12.248,50.226,52.022,33.54,11.77,99.98,100.1,-0.9979,0.2137,-0.2656,-0.8365,-0.0731
c4,2.0,1.05,0.1,2,1.79,340.0,115.0,28.0,10.0,1,0.2951,1445,125.719,184.583,3.8366,1.47,0.4824,0.346,0.1716,0.884,13.584,-2.78,12.913,47.222,49.262,33.75,12.21,99.85,99.98,-0.9979,0.3267,-0.3117,-0.8501,-0.0635
c4,2.0,1.05,0.1,3,1.77,340.0,115.0,28.0,10.0,1,0.3621,1445,123.436,180.551,4.7067,1.176,0.5599,0.2976,0.1426,2.798,13.818,-2.64,15.599,35.432,35.963,34.08,14.35,99.4,99.55,-0.9979,0.7157,-0.4826,-0.9036,0.2246
c4,2.0,1.05,0.1,4,1.76,340.0,115.0,28.0,10.0,1,0.3586,1445,121.151,177.567,4.6621,1.166,0.5592,0.2983,0.1426,2.75,13.824,-2.461,15.601,35.138,35.672,34.08,14.49,99.39,99.54,-0.9979,0.7194,-0.4799,-0.9036,0.2066
c4,2.0,1.05,0.1,5,1.72,340.0,115.0,28.0,10.0,1,0.3496,1445,117.285,169.421,4.5447,1.158,0.5516,0.3156,0.1329,2.97,13.909,-2.66,15.864,33.515,34.106,34.29,14.69,99.23,99.38,-0.998,0.7354,-0.4965,-0.9049,0.1362
c4,2.0,1.05,0.1,6,1.64,340.0,115.0,28.0,20.0,1,0.2198,1445,107.326,150.956,2.8572,1.685,0.3806,0.463,0.1564,-0.22,12.927,-1.807,11.739,51.589,52.875,32.32,10.82,96.79,96.91,-0.9976,0.0268,-0.1879,-0.7734,0.2528
c4,2.0,1.05,0.1,7,1.6,340.0,105.0,28.0,30.0,1,0.2691,1445,89.944,124.258,3.4979,1.154,0.4208,0.4512,0.128,1.422,12.239,-0.267,16.535,34.918,38.944,30.53,14.11,90.79,91.0,-0.9962,0.4447,-0.4437,-0.8005,0.2278
c4,2.0,1.05,0.1,8,1.7,350.0,105.0,28.0,30.0,1,0.3063,1445,97.436,137.658,3.982,1.098,0.4671,0.4159,0.117,-2.966,11.631,0.668,6.619,-21.482,24.625,29.6,16.17,90.81,90.97,-0.9951,-0.701,0.3735,-0.1687,0.4457
c4,2.0,1.05,0.1,9,1.86,0.0,105.0,28.0,10.0,1,0.3397,1445,115.761,168.964,4.4164,1.176,0.5522,0.3246,0.1232,2.656,12.879,-2.205,14.409,36.577,37.262,31.59,14.24,98.74,98.83,-0.9974,0.6893,-0.5041,-0.9413,-0.1981
c4,2.0,1.05,0.1,10,1.89,0.0,105.0,28.0,10.0,1,0.2578,1445,119.584,175.796,3.3512,1.601,0.5024,0.3619,0.1356,0.775,12.586,-2.153,11.728,49.577,51.176,31.12,12.19,99.23,99.3,-0.9974,0.2956,-0.3139,-0.885,-0.2619
c4,2.0,1.05,0.1,11,1.54,340.0,105.0,28.0,30.0,1,0.2173,1445,81.518,110.547,2.8251,1.294,0.3972,0.5038,0.099,-2.133,11.652,-0.998,7.493,-27.48,32.447,29.49,12.06,91.51,91.64,-0.9964,-0.5399,0.2082,-0.5885,0.2108
c4,2.0,1.05,0.1,12,1.71,340.0,115.0,28.0,10.0,1,0.3461,1445,115.534,166.817,4.4996,1.152,0.5675,0.3038,0.1287,3.002,13.972,-2.553,15.894,32.88,33.484,34.42,14.79,99.17,99.32,-0.998,0.741,-0.5002,-0.9068,0.1202
c4,2.0,1.05,0.1,13,1.61,340.0,105.0,28.0,30.0,1,0.3225,1445,92.114,126.467,4.1926,0.986,0.4464,0.4235,0.1301,2.504,12.445,-0.026,18.318,24.283,28.908,31.01,15.08,90.39,90.62,-0.9961,0.6484,-0.5649,-0.8541,0.4839
c4,2.0,1.05,0.1,14,1.7,340.0,115.0,28.0,10.0,1,0.3404,1445,113.277,164.309,4.4246,1.148,0.5446,0.3239,0.1315,2.874,13.921,-2.382,15.818,32.569,33.195,34.31,14.83,99.23,99.37,-0.998,0.7421,-0.493,-0.9066,0.1035
c4,2.0,1.05,0.1,15,1.74,10.0,105.0,28.0,20.0,1,0.1321,1445,102.233,146.094,1.717,2.671,0.4554,0.4346,0.11,-1.388,11.923,-0.522,8.598,48.798,49.625,29.79,10.29,96.19,96.24,-0.9968,-0.4171,0.1121,-0.7264,0.0467
c4,2.0,1.05,0.1,16,1.55,340.0,105.0,28.0,30.0,1,0.228,1445,81.955,110.978,2.9641,1.24,0.3806,0.5149,0.1045,-2.313,11.634,-0.76,7.042,-26.224,31.128,29.47,12.69,91.4,91.54,-0.9963,-0.5858,0.2372,-0.5334,0.2122
c4,2.0,1.05,0.1,17,1.17,10.0,125.0,16.0,50.0,1,0.1265,1445,71.025,99.067,1.6445,1.937,0.4083,0.5204,0.0713,-0.064,13.071,-0.095,9.923,-39.286,41.253,35.99,11.56,84.25,84.41,-0.9928,-0.05,-0.0205,-0.5196,0.8517
c4,2.0,1.05,0.1,18,1.82,340.0,115.0,28.0,10.0,1,0.255,1445,130.309,191.837,3.3148,1.763,0.4671,0.3474,0.1855,0.283,13.378,-3.205,11.175,53.719,55.076,33.38,10.95,100.13,100.25,-0.9978,0.0351,-0.2048,-0.8294,-0.0572
c4,2.0,1.05,0.1,19,1.53,330.0,105.0,28.0,30.0,1,0.3438,1445,83.34,112.591,4.4689,0.837,0.4692,0.4201,0.1107,3.395,12.463,1.288,20.64,23.098,24.645,31.05,17.59,89.87,90.14,-0.9962,0.7698,-0.5505,-0.8588,0.7159
c4,2.0,1.05,0.1,20,1.69,340.0,115.0,28.0,10.0,1,0.3363,1445,112.519,162.524,4.3725,1.154,0.5543,0.3093,0.1363,2.796,13.923,-2.315,15.864,31.981,32.629,34.32,14.9,99.2,99.35,-0.998,0.749,-0.4958,-0.9083,0.0788
c4,2.0,1.05,0.3,1,1.96,290.0,115.0,28.0,30.0,1,0.6016,1445,151.852,213.772,7.8204,0.871,0.5204,0.0969,0.3827,1.3,8.945,-8.682,14.933,21.114,22.786,23.1,15.91,94.61,94.85,-0.9937,0.4649,-0.3677,-0.9384,0.6423
c4,2.0,1.05,0.3,2,1.87,290.0,115.0,28.0,50.0,1,0.5337,1445,145.893,206.412,6.9381,0.943,0.5419,0.11,0.3481,1.415,7.299,-7.607,15.188,20.52,22.954,22.34,19.83,83.24,83.51,-0.983,0.3457,-0.4487,-0.9073,0.4579
c4,2.0,1.05,0.3,3,1.87,270.0,125.0,28.0,30.0,1,0.4549,1445,158.19,222.168,5.9131,1.2,0.5848,0.09,0.3253,1.466,8.718,-9.416,15.348,26.09,35.989,22.76,17.12,96.2,96.43,-0.9947,0.2477,-0.366,-0.7498,0.3052
c4,2.0,1.05,0.3,4,1.85,290.0,115.0,28.0,50.0,1,0.4823,1445,142.723,200.821,6.2698,1.021,0.5599,0.0955,0.3446,1.728,7.111,-7.717,15.13,13.484,14.748,21.93,20.05,83.3,83.55,-0.9821,0.33,-0.4459,-0.9046,0.8401
c4,2.0,1.05,0.3,5,1.93,290.0,115.0,28.0,30.0,1,0.3612,1445,150.798,212.284,4.6954,1.441,0.5377,0.0948,0.3675,0.255,9.579,-7.713,13.82,-24.218,28.311,24.54,14.33,94.47,94.7,-0.9947,0.1997,-0.2685,-0.8324,0.3855
c4,2.0,1.05,0.3,6,1.88,290.0,115.0,28.0,50.0,1,0.5791,1445,148.288,210.968,7.5279,0.884,0.5149,0.1135,0.3716,1.364,7.493,-7.379,15.36,28.448,29.137,22.94,19.28,83.15,83.44,-0.9845,0.3874,-0.4778,-0.9243,0.7879
c4,2.0,1.05,0.3,7,1.95,290.0,115.0,28.0,30.0,1,0.143,1445,151.303,211.42,1.8586,3.652,0.5176,0.1135,0.3689,0.604,8.792,-7.999,13.879,77.492,82.504,22.54,15.12,94.96,95.17,-0.9941,0.2099,-0.2765,-0.8498,0.198
c4,2.0,1.05,0.3,8,1.89,290.0,115.0,28.0,40.0,1,0.4632,1445,146.413,203.627,6.0211,1.091,0.492,0.1363,0.3716,0.313,8.543,-8.229,14.368,-4.42,15.756,23.02,18.53,89.07,89.31,-0.9903,0.1695,-0.3489,-0.835,0.4251
c4,2.0,1.05,0.3,9,1.95,290.0,105.0,28.0,40.0,1,0.5009,1445,133.666,185.243,6.5116,0.921,0.499,0.1363,0.3647,0.478,7.743,-9.396,14.425,7.521,9.083,20.98,20.03,87.69,87.86,-0.9883,0.1542,-0.2688,-0.8819,0.9555
c4,2.0,1.05,0.3,10,1.97,280.0,115.0,28.0,40.0,1,0.5326,1445,157.391,222.549,6.9233,1.02,0.5509,0.0907,0.3585,1.776,7.611,-8.879,15.765,15.899,20.376,21.09,19.63,89.32,89.55,-0.9889,0.4488,-0.4808,-0.9052,0.428
c4,2.0,1.05,0.3,11,1.96,290.0,105.0,28.0,40.0,1,0.5009,1445,135.033,187.251,6.512,0.93,0.4941,0.1384,0.3675,0.426,7.706,-9.271,14.342,7.325,8.929,20.89,19.95,87.72,87.89,-0.9884,0.1595,-0.2709,-0.8838,0.9541
c4,2.0,1.05,0.3,12,1.98,290.0,105.0,28.0,40.0,1,0.4986,1445,138.068,192.153,6.4817,0.956,0.4997,0.1384,0.3619,0.521,7.637,-9.254,14.362,6.539,8.237,20.67,19.71,87.78,87.94,-0.9885,0.1747,-0.2982,-0.8875,0.9588
c4,2.0,1.05,0.3,13,1.96,290.0,115.0,28.0,20.0,1,0.4857,1445,148.33,207.827,6.3141,1.054,0.5834,0.0789,0.3377,0.823,8.771,-7.701,13.129,7.094,9.141,22.06,10.46,100.06,100.26,-0.9956,0.2545,-0.2067,-0.9102,0.7174
c4,2.0,1.05,0.3,14,1.97,290.0,105.0,28.0,40.0,1,0.4994,1445,136.434,189.26,6.4924,0.943,0.4976,0.1343,0.3682,0.474,7.632,-9.216,14.33,7.278,8.838,20.68,19.81,87.81,87.97,-0.9884,0.1781,-0.2808,-0.8874,0.9527
c4,2.0,1.05,0.3,15,1.93,290.0,105.0,28.0,40.0,1,0.4978,1445,131.58,181.535,6.4719,0.912,0.5017,0.1377,0.3606,0.51,7.855,-9.524,14.482,6.58,8.312,21.29,20.05,87.56,87.73,-0.9884,0.1264,-0.2709,-0.8765,0.9488
c4,2.0,1.05,0.3,16,1.98,280.0,115.0,28.0,30.0,1,0.4949,1445,155.309,217.877,6.4331,1.083,0.5696,0.0803,0.3502,1.205,7.795,-9.634,15.093,6.667,8.917,20.2,17.26,95.09,95.28,-0.9928,0.3602,-0.3673,-0.9085,0.8925
c4,2.0,1.05,0.3,17,1.95,280.0,115.0,28.0,40.0,1,0.4905,1445,155.075,218.687,6.3759,1.091,0.5391,0.0976,0.3633,1.162,7.143,-9.798,15.818,4.513,7.48,19.76,21.01,89.38,89.58,-0.9879,0.3691,-0.4571,-0.9039,0.9372
c4,2.0,1.05,0.3,18,1.97,280.0,115.0,28.0,30.0,1,0.4934,1445,153.175,214.164,6.4141,1.071,0.5599,0.0858,0.3543,1.054,7.778,-9.476,14.952,6.608,8.895,20.15,17.18,95.17,95.36,-0.9928,0.3588,-0.3505,-0.9078,0.8823
c4,2.0,1.05,0.3,19,1.94,290.0,105.0,28.0,40.0,1,0.502,1445,132.322,183.18,6.5261,0.91,0.4886,0.1495,0.3619,0.546,7.774,-9.613,14.527,7.462,8.997,21.11,20.2,87.63,87.8,-0.9882,0.1374,-0.2688,-0.8785,0.9605
c4,2.0,1.05,0.3,20,1.96,280.0,115.0,28.0,30.0,1,0.4935,1445,151.194,211.205,6.415,1.057,0.5654,0.0844,0.3502,1.031,7.842,-9.511,14.993,6.86,9.159,20.32,17.26,95.11,95.3,-0.9928,0.3471,-0.3502,-0.9041,0.8815
c4,2.0,1.05,0.5,1,1.65,260.0,125.0,28.0,30.0,1,0.135,1445,90.509,130.749,1.7545,2.314,0.9785,0.0215,0.0,0.16,3.247,-2.577,8.879,43.582,43.996,8.87,4.38,100.14,100.23,-0.9956,-0.1812,0.0438,-0.6218,-0.1369
c4,2.0,1.05,0.5,2,1.63,260.0,125.0,28.0,30.0,1,0.3712,1445,115.139,155.728,4.8257,1.07,0.7869,0.027,0.1862,0.368,7.983,-9.277,13.823,7.655,10.144,21.01,16.0,96.8,96.99,-0.9946,-0.0249,-0.1403,-0.8282,0.8666
c4,2.0,1.05,0.5,3,1.64,260.0,125.0,28.0,30.0,1,0.3732,1445,116.251,157.818,4.8518,1.075,0.7744,0.0256,0.2,0.276,7.928,-9.154,13.733,7.146,9.612,20.87,15.98,96.78,96.97,-0.9946,-0.0148,-0.1301,-0.8385,0.8835
c4,2.0,1.05,0.5,4,1.61,260.0,125.0,28.0,30.0,1,0.3689,1445,112.93,152.281,4.7953,1.056,0.7986,0.0201,0.1813,0.848,8.36,-9.124,13.815,5.844,9.499,21.91,15.76,96.57,96.78,-0.995,0.0587,-0.2104,-0.8455,0.8811
c4,2.0,1.05,0.5,5,1.62,260.0,125.0,28.0,30.0,1,0.3695,1445,113.849,154.31,4.8036,1.063,0.7841,0.0263,0.1896,0.419,8.128,-9.273,13.966,8.557,10.97,21.37,15.96,96.68,96.88,-0.9947,-0.0236,-0.1392,-0.8104,0.8772
c4,2.0,1.05,0.5,6,1.57,270.0,125.0,28.0,30.0,1,0.1325,1445,83.258,117.226,1.722,2.169,0.9889,0.0097,0.0014,0.259,3.713,-1.672,8.817,38.934,41.258,10.08,3.28,100.04,100.14,-0.9959,-0.0572,0.0654,-0.5499,-0.0426
c4,2.0,1.05,0.5,7,1.59,260.0,125.0,28.0,30.0,1,0.3628,1445,111.585,150.429,4.7158,1.061,0.7965,0.0173,0.1862,1.178,8.729,-8.985,14.063,8.52,12.117,22.86,15.48,96.33,96.55,-0.9954,0.1148,-0.2416,-0.8254,0.8522
c4,2.0,1.05,0.5,8,1.58,260.0,125.0,28.0,30.0,1,0.3606,1445,111.179,149.8,4.6875,1.064,0.7958,0.0208,0.1834,1.379,8.888,-9.079,14.311,7.379,11.506,23.24,15.42,96.25,96.48,-0.9955,0.1451,-0.2687,-0.8159,0.8551
c4,2.0,1.05,0.5,9,1.59,260.0,125.0,28.0,40.0,1,0.3405,1445,110.293,149.936,4.4271,1.118,0.7668,0.0512,0.182,1.275,7.631,-9.8,15.044,3.6,7.118,21.51,20.07,90.66,90.9,-0.99,0.214,-0.3528,-0.9173,0.8993
c4,2.0,1.05,0.5,10,1.65,250.0,125.0,28.0,30.0,1,0.2646,1445,105.116,149.073,3.4397,1.371,0.8907,0.0201,0.0893,-0.291,5.612,-7.233,11.323,13.962,15.295,15.16,12.63,98.49,98.6,-0.9938,-0.2463,-0.0117,-0.8813,0.1556
c4,2.0,1.05,0.5,11,1.53,270.0,125.0,28.0,30.0,1,0.3401,1445,105.584,141.039,4.4218,1.071,0.7827,0.0249,0.1924,1.58,9.471,-8.706,13.657,7.647,11.395,24.62,15.01,95.93,96.2,-0.9952,0.0648,-0.2353,-0.9107,0.6371
c4,2.0,1.05,0.5,12,1.57,260.0,125.0,28.0,30.0,1,0.3586,1445,109.571,147.505,4.6619,1.054,0.8021,0.0235,0.1744,1.513,8.966,-9.16,14.414,7.377,11.602,23.45,15.43,96.16,96.4,-0.9955,0.1415,-0.276,-0.8118,0.8436
c4,2.0,1.05,0.5,13,1.53,280.0,125.0,28.0,40.0,1,0.3244,1445,107.291,144.493,4.2166,1.141,0.7785,0.0249,0.1965,1.656,9.138,-7.854,13.674,6.616,9.213,24.96,17.03,90.35,90.67,-0.9923,0.1019,-0.275,-0.9071,0.8048
c4,2.0,1.05,0.5,14,1.67,250.0,125.0,28.0,40.0,1,0.3522,1445,120.912,168.962,4.5792,1.184,0.7841,0.0388,0.1772,1.563,6.927,-9.962,14.742,5.709,8.741,19.63,20.2,91.08,91.26,-0.9896,0.1819,-0.3784,-0.899,0.9108
c4,2.0,1.05,0.5,15,1.54,270.0,125.0,28.0,40.0,1,0.3312,1445,106.233,143.108,4.3054,1.107,0.7917,0.0304,0.1779,1.484,8.301,-9.485,15.035,5.142,7.921,23.22,19.57,90.33,90.6,-0.9905,0.2065,-0.3446,-0.9256,0.854
c4,2.0,1.05,0.5,16,1.62,250.0,125.0,28.0,30.0,1,0.3495,1445,111.013,151.948,4.5438,1.096,0.8346,0.0249,0.1405,1.144,7.834,-8.863,13.724,4.023,8.659,20.65,14.82,97.01,97.19,-0.995,0.1411,-0.2616,-0.8401,0.8161
c4,2.0,1.05,0.5,17,1.63,250.0,125.0,28.0,30.0,1,0.2869,1445,106.481,148.598,3.7297,1.281,0.8754,0.018,0.1066,-0.187,6.085,-8.271,12.028,11.496,11.813,16.4,13.84,98.13,98.25,-0.9937,-0.255,-0.0224,-0.9193,0.5579
c4,2.0,1.05,0.5,18,1.55,260.0,125.0,28.0,30.0,1,0.3515,1445,107.86,144.242,4.5695,1.059,0.8097,0.0263,0.164,1.468,9.109,-8.883,14.313,5.99,11.126,23.78,15.28,96.14,96.38,-0.9956,0.1785,-0.2717,-0.8147,0.8241
c4,2.0,1.05,0.5,19,1.55,270.0,125.0,28.0,30.0,1,0.1304,1445,81.771,113.993,1.6954,2.164,0.9903,0.0097,0.0,0.177,3.877,-1.295,9.0,39.927,40.618,10.54,4.03,100.0,100.1,-0.9961,-0.1295,0.0615,-0.4839,0.0087
c4,2.0,1.05,0.5,20,1.56,260.0,125.0,28.0,40.0,1,0.3469,1445,108.591,145.745,4.5103,1.08,0.7439,0.063,0.1931,1.269,7.973,-10.075,15.319,4.203,8.224,22.31,20.35,90.35,90.6,-0.99,0.1735,-0.3505,-0.8695,0.9075
c4,2.0,1.05,0.7,1,1.97,230.0,115.0,28.0,50.0,1,0.2483,1445,110.348,168.33,3.2277,1.534,0.9273,0.0699,0.0028,-0.113,2.681,-5.41,9.357,6.261,11.765,8.79,15.88,86.71,86.75,-0.9916,-0.2974,0.1144,-0.5181,0.2637
c4,2.0,1.05,0.7,2,1.94,230.0,115.0,28.0,50.0,1,0.252,1445,105.925,161.127,3.2755,1.451,0.928,0.0692,0.0028,-0.103,2.633,-5.564,9.48,-2.056,5.594,8.59,15.76,86.71,86.75,-0.9925,-0.1762,0.0449,-0.6024,0.4491
c4,2.0,1.05,0.7,3,1.92,230.0,115.0,28.0,50.0,1,0.2487,1445,103.591,156.789,3.2327,1.438,0.926,0.0727,0.0014,-0.181,2.568,-5.429,9.354,-0.851,5.703,8.39,15.72,86.74,86.78,-0.9923,-0.1762,0.0668,-0.622,0.3832
c4,2.0,1.05,0.7,4,1.93,230.0,115.0,28.0,50.0,1,0.2484,1445,104.339,158.429,3.2293,1.449,0.926,0.074,0.0,-0.182,2.528,-5.491,9.381,-0.848,5.579,8.27,15.75,86.72,86.77,-0.9922,-0.2552,0.1075,-0.6037,0.3533
c4,2.0,1.05,0.7,5,1.91,230.0,115.0,28.0,50.0,1,0.247,1445,102.399,155.326,3.211,1.431,0.9246,0.0734,0.0021,-0.143,2.843,-5.454,9.446,2.148,6.225,9.24,15.68,86.63,86.67,-0.9924,-0.1297,0.0278,-0.5861,0.5127
c4,2.0,1.05,0.7,6,1.95,230.0,115.0,28.0,50.0,1,0.2533,1445,107.568,163.319,3.2926,1.466,0.9239,0.072,0.0042,-0.138,2.49,-5.52,9.404,-3.009,5.672,8.15,15.75,86.79,86.83,-0.9924,-0.1703,0.0674,-0.6249,0.4032
c4,2.0,1.05,0.7,7,1.98,230.0,105.0,28.0,50.0,1,0.248,1445,92.249,139.453,3.2236,1.284,0.908,0.092,0.0,-0.212,2.602,-4.074,8.531,0.421,4.83,8.12,13.79,85.55,85.58,-0.9933,-0.189,0.1535,-0.4598,0.4716
c4,2.0,1.05,0.7,8,1.95,230.0,105.0,28.0,50.0,1,0.2456,1445,89.586,134.211,3.193,1.259,0.9017,0.0983,0.0,-0.115,2.711,-4.192,8.678,2.142,5.066,8.45,13.7,85.54,85.58,-0.9937,-0.1596,0.1518,-0.462,0.5249
c4,2.0,1.05,0.7,9,1.89,230.0,115.0,28.0,50.0,1,0.2476,1445,100.632,150.828,3.2188,1.402,0.9253,0.0713,0.0035,-0.119,2.553,-5.57,9.52,-6.464,7.971,8.37,15.72,86.73,86.77,-0.9929,-0.1793,0.1068,-0.6511,0.3836
c4,2.0,1.05,0.7,10,1.94,230.0,105.0,28.0,50.0,1,0.2452,1445,87.911,131.912,3.1875,1.237,0.9059,0.0941,0.0,-0.07,2.621,-4.243,8.744,1.19,4.348,8.17,13.71,85.54,85.58,-0.9935,-0.226,0.1721,-0.4829,0.5004
c4,2.0,1.05,0.7,11,1.86,230.0,115.0,28.0,50.0,1,0.1142,1445,98.487,147.389,1.4844,2.976,0.9343,0.0657,0.0,-0.37,3.318,-5.595,9.36,54.069,65.841,10.86,16.08,86.36,86.41,-0.99,-0.1848,0.0462,-0.5706,0.0883
c4,2.0,1.05,0.7,12,1.88,230.0,115.0,28.0,50.0,1,0.2455,1445,99.997,149.741,3.1919,1.405,0.9273,0.0706,0.0021,-0.21,2.862,-5.538,9.465,-1.783,6.393,9.32,15.8,86.59,86.63,-0.9926,-0.1009,-0.0019,-0.6429,0.4503
c4,2.0,1.05,0.7,13,1.9,230.0,115.0,28.0,50.0,1,0.2427,1445,100.851,151.964,3.1554,1.434,0.9384,0.0616,0.0,-0.239,2.405,-5.527,9.32,3.091,4.958,7.92,15.67,86.78,86.83,-0.992,-0.514,0.2613,-0.5609,0.3378
c4,2.0,1.05,0.7,14,1.92,230.0,105.0,28.0,50.0,1,0.2427,1445,85.987,128.336,3.1552,1.223,0.9073,0.0927,0.0,-0.123,2.589,-4.157,8.661,1.059,4.125,8.08,13.73,85.55,85.59,-0.9934,-0.2472,0.2097,-0.4902,0.4767
c4,2.0,1.05,0.7,15,1.93,230.0,105.0,28.0,50.0,1,0.2414,1445,86.665,129.969,3.1388,1.239,0.9121,0.0879,0.0,-0.107,2.563,-4.198,8.685,2.205,4.96,8.0,13.71,85.54,85.58,-0.9933,-0.2704,0.2126,-0.4863,0.4177
c4,2.0,1.05,0.7,16,1.96,230.0,105.0,28.0,50.0,1,0.2456,1445,89.994,135.625,3.1924,1.265,0.9087,0.0913,0.0,-0.093,2.548,-4.144,8.63,2.278,4.973,7.95,13.76,85.58,85.62,-0.9933,-0.2494,0.1949,-0.4778,0.4511
c4,2.0,1.05,0.7,17,1.91,230.0,105.0,28.0,50.0,1,0.2396,1445,84.458,126.325,3.1145,1.216,0.9149,0.0851,0.0,-0.077,2.601,-4.229,8.735,2.729,4.899,8.12,13.75,85.52,85.56,-0.9933,-0.2827,0.2275,-0.4966,0.445
c4,2.0,1.05,0.7,18,1.85,230.0,115.0,28.0,50.0,1,0.1151,1445,97.671,145.6,1.4965,2.928,0.9301,0.0671,0.0028,-0.349,3.276,-5.634,9.437,55.202,64.553,10.72,16.05,86.37,86.42,-0.9905,-0.1543,0.0671,-0.5885,0.1279
c4,2.0,1.05,0.7,19,1.9,230.0,105.0,28.0,50.0,1,0.2381,1445,84.289,125.07,3.0951,1.222,0.9163,0.0837,0.0,-0.055,2.598,-4.295,8.742,3.194,5.007,8.12,13.72,85.54,85.57,-0.9933,-0.3737,0.2637,-0.4747,0.4597
c4,2.0,1.05,0.7,20,1.96,230.0,105.0,28.0,40.0,1,0.2373,1445,87.408,130.852,3.0852,1.271,0.919,0.081,0.0,-0.021,2.385,-3.922,8.587,-0.983,7.258,6.73,10.07,91.75,91.78,-0.9943,-0.4042,0.1829,-0.5908,0.0036
c5,2.0,1.2,0.1,1,1.94,320.0,105.0,28.0,40.0,1,0.3989,1445,158.412,230.034,5.1856,1.37,0.3661,0.1993,0.4346,-1.099,11.505,-9.797,16.02,35.187,47.358,41.78,42.6,94.99,95.18,-0.9866,0.0778,-0.1407,-0.7592,0.6166
c5,2.0,1.2,0.1,2,1.97,290.0,95.0,28.0,10.0,0,0.3078,598,49.373,71.083,1.6561,1.337,0.4983,0.1856,0.3161,-0.752,11.259,-1.948,19.083,68.853,74.323,33.86,28.3,119.13,120.49,-0.9581,0.1342,-0.2369,-0.2937,-0.0371
c5,2.0,1.2,0.1,3,1.95,290.0,95.0,28.0,10.0,1,0.5308,1445,119.98,167.978,6.8998,0.78,0.4581,0.1917,0.3502,-0.338,8.881,-8.096,13.139,49.25,50.784,31.06,17.74,123.1,123.24,-0.9944,0.045,-0.1342,-0.8214,0.9489
c5,2.0,1.2,0.1,4,1.86,320.0,105.0,24.0,30.0,1,0.3581,1445,125.892,178.698,4.6551,1.213,0.3696,0.2817,0.3488,-0.357,10.541,-7.544,12.985,40.877,48.884,37.25,32.56,109.19,109.38,-0.9932,-0.0576,-0.097,-0.648,0.5756
c5,2.0,1.2,0.1,5,1.94,340.0,105.0,28.0,40.0,1,0.3256,1445,151.605,222.302,4.2328,1.607,0.3453,0.2505,0.4042,0.052,11.384,-7.433,14.982,-26.447,36.026,41.44,38.36,96.93,97.19,-0.9879,0.0652,-0.4574,-0.7645,0.6827
c5,2.0,1.2,0.1,6,1.92,310.0,105.0,28.0,30.0,1,0.3546,1445,145.922,210.108,4.6102,1.42,0.3772,0.2097,0.4131,-0.842,11.377,-8.441,15.192,46.357,55.99,39.73,35.49,106.12,106.37,-0.9919,0.0376,-0.0032,-0.6958,0.5876
c5,2.0,1.2,0.1,7,1.93,290.0,95.0,28.0,20.0,1,0.3472,1445,120.906,168.667,4.5132,1.202,0.4491,0.2208,0.3301,-0.857,9.367,-8.866,13.664,-25.375,31.35,32.69,27.6,115.65,115.77,-0.9934,0.0083,-0.0433,-0.7885,0.7884
c5,2.0,1.2,0.1,8,1.94,290.0,95.0,28.0,10.0,1,0.5217,1445,118.326,165.049,6.7816,0.783,0.4588,0.2062,0.3349,-0.215,8.811,-8.152,13.119,48.753,50.246,30.8,17.64,123.2,123.33,-0.9945,0.0314,-0.146,-0.8196,0.953
c5,2.0,1.2,0.1,9,1.8,320.0,105.0,24.0,30.0,1,0.3761,1445,119.819,166.364,4.8896,1.099,0.3612,0.326,0.3128,-0.365,10.645,-7.25,12.64,32.181,40.981,37.45,31.84,109.37,109.49,-0.994,-0.0268,-0.1717,-0.704,0.6668
c5,2.0,1.2,0.1,10,1.89,270.0,95.0,28.0,20.0,1,0.2845,1445,113.951,158.417,3.6987,1.382,0.3875,0.3066,0.3059,-0.207,8.633,-10.553,14.427,16.69,22.946,30.59,30.2,115.55,115.65,-0.9934,-0.2106,-0.0088,-0.6882,0.8916
c5,2.0,1.2,0.1,11,1.85,310.0,95.0,24.0,30.0,1,0.4024,1445,108.728,149.128,5.2318,0.932,0.3626,0.3225,0.3149,-0.422,9.813,-8.584,12.971,42.096,47.19,34.73,33.59,108.2,108.31,-0.9932,-0.0533,-0.1523,-0.7147,0.7273
c5,2.0,1.2,0.1,12,1.9,350.0,105.0,28.0,30.0,1,0.4612,1445,135.266,192.102,5.9957,1.012,0.3813,0.2941,0.3246,-0.53,11.059,-4.993,12.567,-43.21,47.182,38.3,28.89,108.96,109.05,-0.9929,0.0211,-0.2738,-0.7697,0.8833
c5,2.0,1.2,0.1,13,1.89,350.0,105.0,28.0,30.0,1,0.4487,1445,133.766,190.213,5.8335,1.029,0.3689,0.3204,0.3107,-0.453,11.126,-5.222,12.733,-41.524,45.787,38.53,29.2,108.78,108.88,-0.9929,0.0181,-0.2767,-0.7651,0.8724
c5,2.0,1.2,0.1,14,1.95,350.0,95.0,28.0,30.0,1,0.4649,1445,123.369,173.207,6.0435,0.916,0.3827,0.317,0.3003,-0.64,10.556,-5.977,12.535,-46.151,49.305,36.58,30.07,107.68,107.75,-0.9923,0.0097,-0.2435,-0.7835,0.9031
c5,2.0,1.2,0.1,15,1.9,260.0,105.0,28.0,20.0,1,0.1814,1445,131.961,191.772,2.3588,2.51,0.4519,0.2394,0.3087,-0.345,8.881,-10.276,14.495,-4.062,20.272,31.64,29.58,116.89,117.01,-0.9928,-0.0438,-0.0558,-0.6487,0.7902
c5,2.0,1.2,0.1,16,1.9,320.0,105.0,28.0,30.0,1,0.3097,1445,142.244,203.825,4.0261,1.585,0.3702,0.2318,0.3979,-0.683,10.952,-7.546,13.969,11.921,27.243,38.36,33.53,107.45,107.6,-0.9929,0.0216,-0.1493,-0.7517,0.7171
c5,2.0,1.2,0.1,17,1.92,340.0,105.0,28.0,40.0,1,0.3045,1445,149.844,217.25,3.9587,1.698,0.3398,0.2699,0.3903,-0.224,11.364,-7.276,14.608,-24.523,33.995,41.13,38.21,97.25,97.4,-0.9894,0.076,-0.5507,-0.7819,0.8009
c5,2.0,1.2,0.1,18,1.94,350.0,95.0,28.0,30.0,1,0.4583,1445,121.582,171.188,5.9585,0.915,0.3827,0.31,0.3073,-0.531,10.549,-6.017,12.572,-45.946,49.117,36.54,30.04,107.72,107.79,-0.9923,0.0103,-0.2625,-0.782,0.9017
c5,2.0,1.2,0.1,19,1.91,350.0,95.0,28.0,30.0,1,0.4362,1445,118.948,165.648,5.6703,0.941,0.3799,0.3239,0.2962,-0.569,10.585,-6.242,12.72,-44.939,48.459,36.71,30.45,107.51,107.59,-0.9923,0.0074,-0.2404,-0.7779,0.8666
c5,2.0,1.2,0.1,20,1.92,290.0,95.0,28.0,10.0,1,0.4876,1445,115.147,160.146,6.3387,0.815,0.4609,0.2201,0.319,-0.27,8.738,-7.721,12.769,48.986,50.389,30.52,16.88,123.36,123.49,-0.9947,0.0195,-0.1404,-0.8228,0.9463
c5,2.0,1.2,0.3,1,1.56,280.0,115.0,28.0,20.0,1,0.3344,1445,92.832,121.713,4.3477,0.958,0.7529,0.0277,0.2194,1.01,6.685,-9.446,14.158,5.67,10.943,23.99,28.36,120.77,120.91,-0.9937,0.1236,-0.2035,-0.7931,0.6739
c5,2.0,1.2,0.3,2,1.6,260.0,115.0,28.0,20.0,1,0.3408,1445,95.889,126.69,4.4302,0.971,0.737,0.0353,0.2277,0.688,6.04,-10.651,14.741,6.583,11.605,21.73,30.94,120.68,120.78,-0.9934,0.1195,-0.2292,-0.8531,0.7309
c5,2.0,1.2,0.3,3,1.53,280.0,115.0,28.0,20.0,1,0.3537,1445,93.892,120.641,4.5987,0.916,0.7218,0.0339,0.2443,0.978,7.019,-10.967,15.071,5.741,9.691,25.05,31.27,119.89,120.01,-0.9934,0.1191,-0.1941,-0.8785,0.8979
c5,2.0,1.2,0.3,4,1.89,240.0,125.0,28.0,20.0,1,0.3502,1445,142.132,210.047,4.5526,1.401,0.7882,0.0284,0.1834,0.439,4.492,-10.687,14.163,8.248,13.925,16.53,30.24,123.42,123.48,-0.9935,-0.0684,-0.1511,-0.6463,0.5178
c5,2.0,1.2,0.3,5,1.41,280.0,115.0,28.0,10.0,1,0.3477,1445,83.11,105.512,4.5199,0.825,0.7336,0.0256,0.2408,0.534,7.939,-8.847,13.591,4.459,7.554,27.72,18.37,126.85,127.01,-0.9962,0.0068,-0.0911,-0.8795,0.8558
c5,2.0,1.2,0.3,6,1.54,280.0,115.0,28.0,20.0,1,0.3552,1445,94.304,121.718,4.6173,0.916,0.7156,0.0353,0.2491,1.006,6.943,-10.743,14.959,5.46,9.311,24.83,30.89,120.03,120.15,-0.9933,0.1507,-0.2088,-0.8771,0.896
c5,2.0,1.2,0.3,7,1.57,290.0,105.0,28.0,20.0,1,0.3591,1445,88.206,112.856,4.6683,0.848,0.6983,0.0381,0.2637,1.055,7.174,-9.613,14.096,4.377,8.374,25.41,28.06,118.97,119.08,-0.9935,0.1211,-0.1925,-0.8431,0.8679
c5,2.0,1.2,0.3,8,1.41,290.0,115.0,28.0,10.0,1,0.3365,1445,82.201,105.904,4.3748,0.843,0.764,0.0235,0.2125,0.639,7.97,-7.353,12.44,3.749,5.604,27.94,15.06,127.25,127.41,-0.996,-0.0106,-0.0769,-0.8661,0.8137
c5,2.0,1.2,0.3,9,1.47,310.0,105.0,28.0,20.0,1,0.3424,1445,84.037,106.946,4.4518,0.847,0.7135,0.0353,0.2512,0.625,8.058,-6.465,12.804,2.875,7.744,28.17,23.13,119.37,119.52,-0.9948,0.1665,-0.1904,-0.817,0.8194
c5,2.0,1.2,0.3,10,1.39,270.0,125.0,28.0,10.0,1,0.3226,1445,85.931,109.536,4.1943,0.919,0.7689,0.0263,0.2048,0.565,7.411,-8.025,13.187,4.947,9.959,26.11,17.83,129.01,129.18,-0.9962,-0.0287,-0.0782,-0.8438,0.5925
c5,2.0,1.2,0.3,11,1.61,250.0,125.0,28.0,20.0,1,0.3526,1445,113.823,156.255,4.5839,1.114,0.7294,0.0332,0.2374,0.695,5.472,-12.162,15.799,6.932,10.12,19.83,33.99,121.89,121.96,-0.9927,0.0543,-0.2299,-0.8724,0.8975
c5,2.0,1.2,0.3,12,1.5,260.0,125.0,28.0,20.0,1,0.3564,1445,106.737,136.362,4.6338,1.033,0.6858,0.0505,0.2637,1.684,7.713,-12.167,17.183,8.144,15.94,27.44,34.95,119.9,120.05,-0.9952,0.1942,-0.3758,-0.7774,0.9483
c5,2.0,1.2,0.3,13,1.6,280.0,105.0,28.0,20.0,1,0.351,1445,85.873,110.186,4.5631,0.844,0.7363,0.0367,0.227,0.852,6.531,-9.42,13.84,3.926,7.596,23.25,27.93,119.54,119.63,-0.9932,0.1703,-0.1949,-0.8461,0.8579
c5,2.0,1.2,0.3,14,1.42,270.0,125.0,28.0,10.0,1,0.3072,1445,85.119,109.601,3.993,0.956,0.7785,0.0242,0.1972,0.428,6.802,-7.637,12.571,4.073,8.111,24.1,16.29,129.68,129.83,-0.9958,-0.0902,-0.0237,-0.8278,0.4377
c5,2.0,1.2,0.3,15,1.44,270.0,125.0,28.0,20.0,1,0.3536,1445,99.931,127.371,4.5968,0.975,0.6955,0.0422,0.2623,1.13,7.733,-12.315,16.765,8.117,14.07,27.62,35.31,119.84,120.01,-0.9947,0.1184,-0.2386,-0.8428,0.9301
c5,2.0,1.2,0.3,16,1.64,270.0,105.0,28.0,20.0,1,0.3351,1445,84.601,110.615,4.3559,0.871,0.7543,0.036,0.2097,0.732,5.803,-8.727,13.22,4.041,7.823,20.74,26.58,120.29,120.37,-0.9931,0.1769,-0.187,-0.8343,0.6796
c5,2.0,1.2,0.3,17,1.51,260.0,125.0,28.0,20.0,1,0.3607,1445,107.91,138.076,4.6895,1.032,0.6865,0.0457,0.2678,1.752,7.673,-12.378,17.272,8.317,15.925,27.33,35.05,119.86,120.01,-0.9951,0.1743,-0.3831,-0.7746,0.9518
c5,2.0,1.2,0.3,18,1.47,280.0,115.0,28.0,20.0,1,0.3559,1445,92.37,116.655,4.6267,0.896,0.6879,0.0436,0.2685,0.863,7.535,-11.687,15.911,6.757,11.502,26.75,33.31,118.9,119.05,-0.9939,0.0862,-0.182,-0.8708,0.9004
c5,2.0,1.2,0.3,19,1.67,250.0,125.0,28.0,20.0,1,0.345,1445,114.439,161.592,4.4845,1.145,0.7536,0.0325,0.2138,0.179,4.713,-11.105,14.402,7.775,8.885,17.27,31.44,122.97,123.02,-0.9921,-0.0521,-0.0888,-0.9074,0.8905
c5,2.0,1.2,0.3,20,1.47,300.0,105.0,28.0,20.0,1,0.3544,1445,86.221,109.707,4.6078,0.839,0.674,0.0651,0.2609,0.276,7.934,-9.509,14.29,3.082,8.078,27.9,28.75,118.19,118.33,-0.9943,0.0624,-0.1164,-0.8371,0.874
c5,2.0,1.2,0.5,1,1.97,250.0,125.0,28.0,10.0,1,-0.0828,1445,133.635,208.14,-1.0765,,0.9308,0.0311,0.0381,0.525,3.096,-3.649,9.653,116.946,119.625,11.17,10.17,132.41,132.47,-0.9974,0.2476,-0.0343,-0.4781,-0.012
c5,2.0,1.2,0.5,2,1.98,250.0,125.0,28.0,10.0,1,-0.0266,1445,134.899,210.899,-0.3459,,0.9322,0.0311,0.0367,0.526,2.969,-3.837,9.671,100.855,104.51,10.71,9.92,132.42,132.49,-0.9972,0.2972,-0.049,-0.4878,-0.0017
c5,2.0,1.2,0.5,3,1.93,250.0,125.0,24.0,10.0,1,0.1102,1445,124.955,192.428,1.4326,3.913,0.9329,0.0298,0.0374,0.132,3.356,-3.834,9.95,56.204,57.42,12.11,13.54,132.73,132.79,-0.9977,0.0424,0.0189,-0.3334,0.0091
c5,2.0,1.2,0.5,4,1.37,220.0,105.0,28.0,20.0,1,0.1716,1445,46.297,60.121,2.2303,0.931,0.946,0.0484,0.0055,0.251,4.342,-6.065,11.076,-2.195,12.977,15.81,19.9,122.32,122.34,-0.9976,-0.0208,0.1565,-0.528,0.231
c5,2.0,1.2,0.5,5,1.98,250.0,125.0,24.0,10.0,1,-0.0116,1445,132.276,205.54,-0.1508,,0.946,0.0311,0.0228,0.27,2.953,-3.862,8.72,97.179,101.924,10.69,10.21,133.17,133.23,-0.9976,0.1931,-0.0262,-0.4533,0.0924
c5,2.0,1.2,0.5,6,1.63,220.0,95.0,24.0,20.0,1,0.1254,1445,50.149,67.0,1.6304,1.38,0.9211,0.0775,0.0014,-0.255,3.526,-5.057,8.489,34.979,50.911,12.72,16.71,122.7,122.72,-0.9973,-0.3123,0.1776,-0.4383,0.1116
c5,2.0,1.2,0.5,7,1.63,220.0,85.0,24.0,20.0,1,0.1655,1445,41.767,55.158,2.1518,0.871,0.9135,0.0865,0.0,-0.304,3.007,-3.213,7.492,5.152,7.509,10.74,12.23,122.17,122.18,-0.9968,-0.0965,0.368,-0.411,0.4259
c5,2.0,1.2,0.5,8,1.64,220.0,85.0,24.0,20.0,1,0.1659,1445,41.921,55.689,2.1572,0.872,0.9121,0.0879,0.0,-0.214,2.937,-3.083,7.473,4.026,6.199,10.5,12.06,122.21,122.22,-0.9967,-0.051,0.34,-0.3979,0.4978
c5,2.0,1.2,0.5,9,1.62,220.0,85.0,24.0,20.0,1,0.1564,1445,41.296,54.52,2.0333,0.911,0.9066,0.0927,0.0007,-0.162,3.175,-3.085,7.75,9.627,12.924,11.32,12.36,122.07,122.08,-0.9971,-0.1926,0.3081,-0.3354,0.1813
c5,2.0,1.2,0.5,10,1.62,220.0,95.0,24.0,20.0,1,0.162,1445,48.273,64.699,2.1062,1.028,0.9356,0.0644,0.0,-0.343,2.95,-4.908,8.426,12.722,14.193,10.69,16.08,122.99,123.0,-0.9968,-0.3975,0.3612,-0.4838,0.238
c5,2.0,1.2,0.5,11,1.59,220.0,85.0,24.0,20.0,1,0.1611,1445,39.651,52.161,2.0938,0.85,0.9218,0.0782,0.0,-0.339,3.16,-3.255,7.514,1.678,6.812,11.29,12.3,122.08,122.08,-0.9968,-0.009,0.348,-0.4299,0.3657
c5,2.0,1.2,0.5,12,1.59,220.0,95.0,24.0,20.0,1,0.1575,1445,46.772,62.282,2.0475,1.025,0.9301,0.0692,0.0007,-0.338,3.138,-4.872,8.467,15.553,16.799,11.33,15.93,122.93,122.94,-0.997,-0.0547,0.1688,-0.5699,0.3038
c5,2.0,1.2,0.5,13,1.6,220.0,85.0,24.0,20.0,1,0.1633,1445,40.047,52.764,2.1229,0.846,0.9218,0.0782,0.0,-0.266,3.015,-3.115,7.541,3.79,5.878,10.77,12.13,122.16,122.17,-0.9967,-0.0179,0.3351,-0.4337,0.4935
c5,2.0,1.2,0.5,14,1.5,220.0,95.0,24.0,30.0,1,0.1038,1445,45.841,60.912,1.3495,1.524,0.8941,0.1038,0.0021,0.022,4.13,-5.7,10.007,-44.632,51.433,15.43,27.5,114.41,114.45,-0.9976,-0.1384,0.2787,-0.2637,0.1522
c5,2.0,1.2,0.5,15,1.49,220.0,95.0,24.0,30.0,1,0.1611,1445,44.006,58.574,2.0937,0.943,0.9467,0.0533,0.0,-0.331,3.672,-5.649,8.787,-0.296,6.161,13.67,26.6,114.89,114.9,-0.9965,-0.0716,0.4728,-0.4666,0.6364
c5,2.0,1.2,0.5,16,1.56,220.0,95.0,24.0,20.0,1,0.1099,1445,46.238,61.003,1.4286,1.452,0.9384,0.0616,0.0,-0.364,3.604,-4.914,8.495,43.372,50.781,13.01,16.38,122.68,122.69,-0.9973,-0.1917,0.1339,-0.4847,0.106
c5,2.0,1.2,0.5,17,1.58,220.0,85.0,24.0,20.0,1,0.1621,1445,39.577,51.701,2.1072,0.843,0.9266,0.0734,0.0,-0.208,3.201,-3.279,7.693,4.338,6.376,11.43,12.25,122.07,122.08,-0.9969,0.0091,0.3115,-0.4247,0.5101
c5,2.0,1.2,0.5,18,1.55,220.0,95.0,24.0,20.0,1,0.1568,1445,45.472,59.592,2.038,1.001,0.9453,0.0547,0.0,-0.553,3.028,-4.83,8.335,12.051,13.169,10.96,16.02,122.98,122.99,-0.9968,-0.0933,0.2872,-0.6429,0.1779
c5,2.0,1.2,0.5,19,1.54,210.0,85.0,24.0,20.0,1,0.1478,1445,38.765,50.233,1.9209,0.905,0.8858,0.1121,0.0021,-0.548,3.305,-4.079,8.039,13.281,16.853,11.81,14.37,121.78,121.79,-0.9968,0.1305,0.4416,-0.6024,0.0933
c5,2.0,1.2,0.5,20,1.57,220.0,95.0,24.0,20.0,1,0.1564,1445,45.826,60.633,2.0337,1.011,0.937,0.0616,0.0014,-0.462,3.023,-4.899,8.387,14.34,14.996,10.93,15.78,122.98,122.99,-0.9968,-0.0777,0.2621,-0.6103,0.3352
c5,2.0,1.2,0.7,1,1.98,260.0,125.0,28.0,10.0,1,0.1738,1445,136.755,213.217,2.2592,2.715,0.9439,0.0367,0.0194,0.176,4.239,-1.694,9.203,28.935,31.027,15.18,9.63,131.97,132.05,-0.9984,-0.0084,0.0035,-0.2173,0.1989
c5,2.0,1.2,0.7,2,1.96,260.0,125.0,28.0,10.0,1,0.1804,1445,130.824,203.661,2.3447,2.503,0.9529,0.0346,0.0125,0.238,3.229,-1.476,9.06,29.518,31.511,11.56,9.07,132.45,132.53,-0.998,0.1243,0.0028,-0.3213,0.0733
c5,2.0,1.2,0.7,3,1.6,220.0,95.0,24.0,30.0,1,0.0352,1445,54.607,74.686,0.4572,5.358,0.8401,0.1585,0.0014,0.094,5.294,-5.99,11.89,-76.097,77.627,19.8,29.85,113.03,113.13,-0.9979,-0.0167,0.0789,-0.1262,0.4231
c5,2.0,1.2,0.7,4,1.94,250.0,125.0,24.0,10.0,1,0.102,1445,125.113,193.862,1.3259,4.233,0.9488,0.0381,0.0131,0.214,2.875,-4.095,9.11,55.169,57.68,10.4,11.55,133.12,133.18,-0.9975,0.1626,-0.0186,-0.4375,0.0526
c5,2.0,1.2,0.7,5,1.95,250.0,125.0,24.0,10.0,1,0.1185,1445,126.983,196.219,1.5408,3.697,0.9453,0.0457,0.009,-0.049,2.856,-3.794,8.795,46.979,48.603,10.33,10.61,133.21,133.27,-0.9976,0.0878,0.0245,-0.3916,-0.0208
c5,2.0,1.2,0.7,6,1.47,220.0,95.0,24.0,20.0,1,0.1635,1445,41.92,53.852,2.1258,0.885,0.9363,0.0637,0.0,-0.566,3.384,-4.877,8.314,8.131,8.989,12.23,15.92,122.86,122.87,-0.997,-0.0337,0.3568,-0.6856,0.422
c5,2.0,1.2,0.7,7,1.51,220.0,95.0,24.0,20.0,1,0.163,1445,43.0,56.078,2.119,0.91,0.9329,0.0671,0.0,-0.619,3.24,-4.672,8.178,8.617,9.329,11.71,15.77,122.9,122.91,-0.9968,-0.1081,0.3043,-0.6332,0.4247
c5,2.0,1.2,0.7,8,1.46,220.0,95.0,24.0,20.0,1,0.161,1445,41.344,53.133,2.0934,0.886,0.9412,0.0588,0.0,-0.546,3.467,-4.843,8.378,7.584,8.772,12.53,15.95,122.8,122.81,-0.9971,-0.005,0.3338,-0.6708,0.4299
c5,2.0,1.2,0.7,9,1.48,220.0,95.0,24.0,20.0,1,0.1614,1445,42.041,54.27,2.0985,0.899,0.9384,0.0616,0.0,-0.607,3.336,-4.836,8.227,9.599,10.252,12.07,15.94,122.87,122.88,-0.9969,-0.0596,0.3673,-0.6591,0.4611
c5,2.0,1.2,0.7,10,1.49,220.0,95.0,24.0,20.0,1,-0.0293,1445,43.796,57.249,-0.3809,,0.8201,0.1799,0.0,-0.088,3.768,-4.116,9.923,-25.401,122.757,13.59,18.34,122.34,122.37,-0.9983,-0.0885,0.3187,-0.2461,-0.1192
c5,2.0,1.2,0.7,11,1.5,220.0,95.0,24.0,20.0,1,0.1637,1445,42.695,55.426,2.1286,0.9,0.9308,0.0692,0.0,-0.603,3.261,-4.606,8.194,6.609,7.421,11.78,15.8,122.91,122.92,-0.9969,-0.0639,0.2924,-0.638,0.4593
c5,2.0,1.2,0.7,12,1.42,220.0,95.0,24.0,20.0,1,0.1455,1445,40.014,51.099,1.891,0.949,0.9426,0.0574,0.0,-0.406,3.716,-5.083,8.651,18.0,22.413,13.42,16.05,122.68,122.69,-0.9971,0.0526,0.3132,-0.6902,0.1769
c5,2.0,1.2,0.7,13,1.43,220.0,95.0,24.0,20.0,1,0.1606,1445,40.234,51.491,2.0877,0.865,0.9412,0.0588,0.0,-0.431,3.666,-5.028,8.573,6.659,8.011,13.23,16.17,122.68,122.69,-0.9972,0.03,0.3171,-0.6791,0.489
c5,2.0,1.2,0.7,14,1.44,220.0,95.0,24.0,20.0,1,0.1605,1445,40.471,51.899,2.0865,0.87,0.9419,0.0581,0.0,-0.447,3.654,-4.812,8.502,7.559,9.23,13.18,16.0,122.73,122.74,-0.9972,0.0306,0.2874,-0.6603,0.4499
c5,2.0,1.2,0.7,15,1.45,220.0,95.0,24.0,20.0,1,0.1616,1445,41.225,52.743,2.1014,0.88,0.9426,0.0574,0.0,-0.555,3.571,-4.854,8.427,7.925,9.59,12.9,16.12,122.76,122.77,-0.9972,-0.0143,0.3203,-0.6689,0.3911
c5,2.0,1.2,0.7,16,1.31,210.0,85.0,24.0,20.0,1,0.132,1445,32.948,41.036,1.716,0.861,0.9329,0.0671,0.0,-0.12,4.908,-4.744,9.278,-19.228,25.435,17.48,16.06,120.79,120.79,-0.9976,-0.0187,0.3403,-0.5893,0.2073
c5,2.0,1.2,0.7,17,1.41,220.0,95.0,24.0,20.0,1,0.0318,1445,39.448,50.442,0.414,4.274,0.9391,0.0609,0.0,-0.522,3.845,-5.043,8.579,76.39,77.979,13.88,16.23,122.57,122.58,-0.9973,0.0585,0.321,-0.6831,0.0838
c5,2.0,1.2,0.7,18,1.91,250.0,125.0,24.0,10.0,1,0.1097,1445,120.973,186.395,1.4262,3.805,0.9426,0.0394,0.018,-0.309,2.754,-3.707,9.918,51.404,52.513,9.97,14.4,132.83,132.89,-0.9972,-0.0066,0.0297,-0.3422,-0.0193
c5,2.0,1.2,0.7,19,1.44,230.0,95.0,24.0,20.0,1,0.1527,1445,40.172,51.428,1.9846,0.908,0.9433,0.0567,0.0,-0.18,3.588,-3.808,8.005,8.852,11.684,12.93,13.79,123.06,123.08,-0.9972,0.0993,0.1861,-0.5697,0.401
c5,2.0,1.2,0.7,20,1.37,220.0,105.0,24.0,20.0,1,0.005,1445,45.004,58.08,0.0645,31.324,0.955,0.045,0.0,-0.544,3.808,-6.385,9.34,86.549,90.142,13.95,19.17,123.62,123.63,-0.9973,-0.1736,0.3878,-0.784,0.0826
c6,2.0,1.31,0.1,1,1.96,240.0,105.0,28.0,20.0,1,0.127,1445,148.628,227.721,1.6505,4.039,0.5419,0.1889,0.2692,-0.912,8.505,-14.593,17.649,-33.136,38.313,37.52,51.4,127.38,127.44,-0.9896,-0.1238,0.2012,-0.5509,0.9643
c6,2.0,1.31,0.1,2,1.78,270.0,105.0,28.0,10.0,1,0.2186,1445,129.552,185.705,2.8416,2.045,0.4318,0.1696,0.3986,-0.129,9.25,-11.809,16.402,-13.019,27.456,40.95,35.44,137.67,137.81,-0.9892,-0.0206,-0.1193,-0.6606,0.8527
c6,2.0,1.31,0.1,3,1.83,340.0,105.0,28.0,20.0,1,0.3023,1445,131.868,189.293,3.9302,1.505,0.4907,0.1516,0.3578,-0.883,11.176,-7.826,14.791,-5.422,56.613,47.22,39.59,128.28,128.62,-0.9935,0.0283,0.0147,-0.63,0.4928
c6,2.0,1.31,0.1,4,1.98,310.0,95.0,24.0,20.0,1,0.3478,1445,134.74,192.451,4.522,1.337,0.4298,0.1737,0.3965,-0.675,10.033,-10.587,14.71,-38.427,44.416,43.36,42.22,128.5,128.6,-0.991,0.0023,0.0036,-0.7093,0.9802
c6,2.0,1.31,0.1,5,1.8,270.0,105.0,28.0,10.0,1,0.2271,1445,133.136,191.991,2.9526,2.023,0.4125,0.1654,0.4221,-0.656,9.383,-11.849,16.45,-7.531,26.516,41.81,35.97,137.19,137.33,-0.9878,-0.014,-0.0537,-0.6641,0.8312
c6,2.0,1.31,0.1,6,1.96,310.0,95.0,24.0,20.0,1,0.3372,1445,131.451,187.533,4.3838,1.345,0.4159,0.1855,0.3986,-0.823,9.93,-10.54,14.66,-39.445,45.126,42.91,42.34,128.68,128.77,-0.9913,0.0059,-0.0466,-0.7131,0.9792
c6,2.0,1.31,0.1,7,1.84,290.0,95.0,28.0,10.0,1,0.4426,1445,123.036,172.953,5.7537,0.959,0.4983,0.1329,0.3689,-0.424,9.25,-10.518,15.541,62.607,66.092,40.46,32.78,137.0,137.14,-0.9902,0.0151,-0.0814,-0.745,0.9334
c6,2.0,1.31,0.1,8,1.86,260.0,105.0,28.0,10.0,1,0.4492,1445,138.218,201.957,5.84,1.062,0.5031,0.1253,0.3716,-0.644,8.794,-12.027,16.39,59.822,63.919,39.31,35.9,138.02,138.15,-0.9866,-0.0104,-0.0256,-0.6525,0.87
c6,2.0,1.31,0.1,9,1.83,300.0,95.0,28.0,10.0,1,0.3607,1445,119.408,167.016,4.6886,1.142,0.4623,0.1612,0.3765,-0.237,9.079,-9.827,14.811,44.465,51.564,39.29,30.98,137.82,137.95,-0.9922,-0.0166,-0.1231,-0.765,0.7208
c6,2.0,1.31,0.1,10,1.81,270.0,105.0,28.0,10.0,1,0.2193,1445,135.177,195.428,2.851,2.127,0.4436,0.1522,0.4042,-0.767,9.468,-11.729,16.44,-12.799,27.945,42.28,35.9,137.05,137.2,-0.9869,0.0141,-0.0193,-0.6675,0.8696
c6,2.0,1.31,0.1,11,1.97,320.0,95.0,24.0,20.0,1,0.3607,1445,132.062,188.552,4.6891,1.263,0.4076,0.1931,0.3993,-0.778,9.9,-9.757,14.176,-42.238,47.525,42.54,40.45,129.47,129.56,-0.9918,0.0361,-0.1384,-0.7333,0.9685
c6,2.0,1.31,0.1,12,1.85,280.0,95.0,28.0,10.0,1,0.462,1445,123.354,174.096,6.0061,0.921,0.51,0.128,0.3619,-0.554,9.106,-11.428,16.009,60.64,64.089,39.93,34.57,136.68,136.81,-0.99,0.0031,-0.0832,-0.7409,0.9546
c6,2.0,1.31,0.1,13,1.97,260.0,95.0,28.0,10.0,1,0.2581,1445,130.268,188.427,3.3556,1.741,0.5349,0.1135,0.3516,-1.021,8.063,-11.935,15.653,-13.418,26.672,35.87,34.76,137.86,137.95,-0.9864,-0.054,0.0041,-0.7638,0.7091
c6,2.0,1.31,0.1,14,1.81,260.0,105.0,28.0,10.0,1,0.394,1445,130.147,187.853,5.1216,1.14,0.4941,0.1419,0.364,-0.586,8.488,-11.478,15.71,60.276,64.039,37.6,34.87,138.85,138.97,-0.9893,-0.047,-0.0348,-0.6584,0.8752
c6,2.0,1.31,0.1,15,1.7,320.0,95.0,24.0,20.0,1,0.3881,1445,98.568,132.191,5.0447,0.876,0.474,0.2526,0.2734,-0.338,9.881,-9.642,14.132,-43.877,48.793,41.53,40.12,129.9,130.01,-0.9945,-0.0141,-0.1812,-0.725,0.9045
c6,2.0,1.31,0.1,16,1.94,260.0,95.0,28.0,10.0,1,0.3746,1445,126.399,180.686,4.8703,1.164,0.5232,0.1301,0.3467,-0.666,7.935,-11.822,15.47,52.772,57.23,34.87,34.24,138.3,138.38,-0.9892,-0.1077,-0.0095,-0.7472,0.7522
c6,2.0,1.31,0.1,17,1.84,280.0,95.0,28.0,10.0,1,0.4513,1445,120.962,169.435,5.8668,0.925,0.4927,0.1398,0.3675,-0.447,8.965,-11.428,15.85,59.49,62.913,39.16,34.38,137.01,137.13,-0.9908,-0.0235,-0.0982,-0.7404,0.9468
c6,2.0,1.31,0.1,18,1.91,280.0,95.0,20.0,20.0,1,0.178,1445,106.329,150.414,2.3141,2.061,0.5114,0.2159,0.2727,-0.591,7.987,-9.193,11.735,-32.256,36.547,34.57,36.84,133.94,134.01,-0.9927,-0.1543,0.0537,-0.6284,0.9839
c6,2.0,1.31,0.1,19,1.8,260.0,105.0,28.0,10.0,1,0.3793,1445,128.246,184.736,4.931,1.167,0.4865,0.1509,0.3626,-0.493,8.465,-11.239,15.498,56.762,61.046,37.39,34.14,139.09,139.2,-0.9897,-0.0713,-0.0329,-0.6488,0.8372
c6,2.0,1.31,0.1,20,1.98,300.0,95.0,20.0,20.0,1,0.2502,1445,117.859,167.199,3.2524,1.626,0.4699,0.1945,0.3356,-0.393,8.622,-9.142,12.155,-37.25,43.375,37.23,37.19,133.1,133.19,-0.9924,-0.1184,0.0225,-0.636,0.7825
c6,2.0,1.31,0.3,1,1.93,240.0,115.0,28.0,10.0,1,0.2144,1445,121.256,181.022,2.7871,1.952,0.7972,0.0332,0.1696,-0.309,5.039,-8.463,13.672,35.569,55.087,21.66,26.84,145.97,146.03,-0.9972,-0.3962,0.1382,-0.1089,0.2596
c6,2.0,1.31,0.3,2,1.97,270.0,125.0,28.0,10.0,1,0.2012,1445,139.315,211.537,2.6156,2.389,0.8623,0.0118,0.126,0.677,2.528,-4.482,9.997,35.695,51.572,11.04,16.28,150.61,150.69,-0.9947,0.3708,-0.066,-0.5126,-0.1057
c6,2.0,1.31,0.3,3,1.96,240.0,115.0,28.0,10.0,1,0.1179,1445,124.379,186.167,1.5327,3.64,0.7917,0.0367,0.1716,0.115,4.552,-8.549,13.485,74.047,86.005,19.62,27.08,146.28,146.34,-0.9966,-0.3876,0.1574,-0.1503,0.3049
c6,2.0,1.31,0.3,4,1.81,230.0,125.0,28.0,10.0,1,0.2759,1445,122.762,182.235,3.5867,1.535,0.8422,0.0367,0.1211,0.872,4.861,-8.85,13.374,10.81,20.318,21.04,26.79,147.73,147.77,-0.997,-0.3881,0.0692,-0.2476,0.7079
c6,2.0,1.31,0.3,5,1.95,270.0,125.0,28.0,10.0,1,0.2815,1445,135.861,205.578,3.6597,1.665,0.8644,0.0138,0.1218,0.723,2.329,-4.479,9.972,3.675,11.598,10.22,15.27,150.79,150.86,-0.9931,0.5161,0.0162,-0.5949,-0.3791
c6,2.0,1.31,0.3,6,1.95,230.0,115.0,28.0,10.0,1,0.2665,1445,120.603,179.891,3.4645,1.562,0.8263,0.054,0.1197,0.593,4.333,-8.186,13.005,3.542,19.602,18.67,24.81,146.8,146.84,-0.9967,-0.1864,-0.0688,-0.282,0.4924
c6,2.0,1.31,0.3,7,1.94,240.0,115.0,28.0,10.0,1,-0.0034,1445,118.969,178.006,-0.0439,,0.8125,0.0339,0.1536,0.636,4.493,-7.873,13.103,-5.3,102.968,19.31,25.6,146.59,146.65,-0.9966,-0.291,-0.0162,-0.2001,-0.1161
c6,2.0,1.31,0.3,8,1.96,230.0,115.0,28.0,10.0,1,0.2731,1445,120.912,180.593,3.5498,1.528,0.8367,0.0567,0.1066,0.909,4.288,-7.93,12.518,9.428,18.59,18.45,24.24,146.93,146.96,-0.9965,-0.4322,0.0941,-0.2316,0.6042
c6,2.0,1.31,0.3,9,1.83,220.0,125.0,28.0,10.0,1,0.2625,1445,120.272,178.61,3.4129,1.581,0.8637,0.0332,0.1031,0.122,2.606,-10.101,13.344,14.104,15.435,11.4,29.38,148.32,148.33,-0.9931,-0.3236,-0.0497,-0.6855,0.3763
c6,2.0,1.31,0.3,10,1.86,230.0,115.0,28.0,10.0,1,0.253,1445,107.439,158.077,3.2888,1.465,0.8388,0.0533,0.108,0.792,4.562,-7.717,12.511,7.375,20.966,19.62,24.0,146.77,146.81,-0.997,-0.2097,-0.0534,-0.2999,0.3876
c6,2.0,1.31,0.3,11,1.81,220.0,125.0,28.0,10.0,1,0.2639,1445,118.398,174.251,3.4312,1.548,0.8678,0.027,0.1052,0.118,2.583,-10.112,13.357,14.104,15.305,11.31,29.54,148.34,148.35,-0.993,-0.2835,-0.0509,-0.7169,0.3325
c6,2.0,1.31,0.3,12,1.93,230.0,115.0,28.0,10.0,1,0.2613,1445,115.323,172.285,3.397,1.523,0.8367,0.0554,0.108,0.528,4.753,-7.649,11.787,16.606,22.591,20.48,23.31,146.75,146.78,-0.9971,-0.5105,0.2091,-0.1757,0.6894
c6,2.0,1.31,0.3,13,1.85,250.0,105.0,24.0,10.0,1,0.2184,1445,88.027,125.631,2.8396,1.391,0.8422,0.0277,0.1301,0.373,5.947,-4.973,11.367,2.083,20.813,25.26,20.67,145.65,145.71,-0.9978,-0.4161,0.1693,0.0222,0.6012
c6,2.0,1.31,0.3,14,1.91,230.0,105.0,24.0,10.0,1,0.2307,1445,90.727,131.97,2.9996,1.357,0.863,0.0533,0.0837,-0.814,4.478,-7.189,11.894,4.442,14.396,19.26,23.12,146.21,146.25,-0.9973,-0.1238,0.1232,-0.2648,0.5286
c6,2.0,1.31,0.3,15,1.86,240.0,115.0,28.0,10.0,1,0.0453,1445,110.088,162.748,0.5891,8.382,0.8138,0.0291,0.1571,0.518,5.177,-8.028,13.322,37.514,101.812,22.19,27.14,145.84,145.91,-0.997,-0.1364,-0.0745,-0.2297,0.0754
c6,2.0,1.31,0.3,16,1.87,230.0,115.0,28.0,10.0,1,0.2473,1445,110.816,162.724,3.2148,1.546,0.8311,0.0561,0.1128,0.711,4.543,-7.899,13.066,-3.068,22.148,19.5,24.69,146.67,146.72,-0.997,-0.0632,-0.1716,-0.3178,0.4071
c6,2.0,1.31,0.3,17,1.85,230.0,115.0,28.0,10.0,1,0.23,1445,107.294,157.888,2.99,1.61,0.8491,0.054,0.0969,0.894,4.593,-7.603,13.201,-13.279,25.345,19.71,23.52,146.8,146.86,-0.9973,0.2958,-0.4083,-0.4309,0.2795
c6,2.0,1.31,0.3,18,1.82,240.0,105.0,24.0,10.0,1,0.1455,1445,85.436,122.285,1.8918,2.026,0.8761,0.0304,0.0934,0.22,6.283,-5.074,11.313,-23.518,45.255,26.69,19.78,145.48,145.53,-0.998,-0.4911,0.2674,0.0564,0.4715
c6,2.0,1.31,0.3,19,1.61,230.0,125.0,24.0,10.0,1,0.2073,1445,92.091,132.484,2.6952,1.533,0.8934,0.0208,0.0858,-1.485,5.802,-8.929,13.688,7.139,17.621,25.3,28.98,147.39,147.47,-0.998,-0.1851,0.1911,-0.21,0.6598
c6,2.0,1.31,0.3,20,1.92,220.0,105.0,24.0,10.0,1,0.1789,1445,88.333,127.301,2.3255,1.704,0.8637,0.0747,0.0616,0.058,3.078,-6.591,10.321,16.635,25.787,13.28,18.97,147.55,147.57,-0.9963,-0.17,0.033,-0.4219,0.2085
c6,2.0,1.31,0.5,1,1.92,240.0,115.0,20.0,10.0,1,0.1276,1445,97.359,147.48,1.6589,2.633,0.9529,0.0471,0.0,0.164,3.167,-4.265,7.168,30.449,32.611,13.69,11.07,150.76,150.79,-0.9983,0.1439,-0.0264,-0.3439,0.2717
c6,2.0,1.31,0.5,2,1.69,270.0,115.0,20.0,10.0,1,0.1173,1445,74.433,106.005,1.5253,2.189,0.9737,0.0221,0.0042,0.041,5.628,-1.096,7.701,18.747,22.774,23.94,13.26,149.22,149.28,-0.999,0.074,0.0098,-0.1778,0.3263
c6,2.0,1.31,0.5,3,1.84,240.0,125.0,20.0,10.0,1,0.1325,1445,111.145,170.075,1.7227,2.894,0.9571,0.0325,0.0104,0.117,5.709,-4.859,8.896,26.321,35.559,24.61,16.85,150.35,150.41,-0.9989,0.1992,-0.0425,-0.3142,0.3729
c6,2.0,1.31,0.5,4,1.7,270.0,115.0,20.0,10.0,1,0.118,1445,75.565,108.105,1.534,2.21,0.9696,0.0242,0.0062,-0.145,5.937,-1.709,7.759,1.859,18.04,25.3,12.64,149.03,149.1,-0.999,-0.0689,0.0628,-0.0835,0.3025
c6,2.0,1.31,0.5,5,1.87,240.0,125.0,20.0,10.0,1,0.1481,1445,114.702,175.679,1.9247,2.673,0.9564,0.0401,0.0035,-0.015,4.862,-4.835,7.86,12.214,18.754,21.04,13.6,151.29,151.34,-0.9989,0.1284,-0.0313,-0.2993,0.3701
c6,2.0,1.31,0.5,6,1.21,220.0,85.0,20.0,10.0,1,0.0991,1445,27.047,32.497,1.2881,0.942,0.9564,0.0436,0.0,-0.564,3.96,-4.036,7.385,8.508,24.702,16.9,10.21,146.05,146.05,-0.9978,0.1972,0.414,-0.8006,0.058
c6,2.0,1.31,0.5,7,1.2,230.0,85.0,20.0,10.0,1,0.1013,1445,26.255,31.482,1.3164,0.895,0.9585,0.0415,0.0,-0.587,4.04,-2.954,6.799,17.324,18.125,17.21,7.62,146.17,146.18,-0.9978,0.2327,0.2974,-0.6971,0.2871
c6,2.0,1.31,0.5,8,1.21,230.0,85.0,20.0,10.0,1,0.1034,1445,26.663,31.884,1.3441,0.89,0.9599,0.0401,0.0,-0.317,3.946,-2.999,6.876,16.289,17.244,16.83,7.51,146.25,146.26,-0.9978,0.1321,0.2839,-0.6576,0.3534
c6,2.0,1.31,0.5,9,1.93,250.0,105.0,16.0,10.0,1,0.0674,1445,77.617,113.643,0.8763,3.973,0.9592,0.0408,0.0,0.185,1.883,-2.691,5.256,53.094,55.903,8.16,5.84,150.65,150.67,-0.9966,-0.0203,-0.0003,-0.4601,-0.0602
c6,2.0,1.31,0.5,10,1.22,220.0,85.0,20.0,10.0,1,0.0976,1445,27.131,32.677,1.2682,0.96,0.955,0.045,0.0,-0.536,3.833,-4.001,7.324,14.628,24.089,16.36,10.1,146.11,146.11,-0.9977,0.1766,0.4206,-0.7881,0.0469
c6,2.0,1.31,0.5,11,1.86,240.0,125.0,20.0,10.0,1,0.1337,1445,113.398,174.668,1.7387,2.926,0.9592,0.0318,0.009,0.087,5.644,-4.737,8.677,25.064,31.122,24.36,16.42,150.45,150.51,-0.9989,0.2583,-0.028,-0.349,0.4905
c6,2.0,1.31,0.5,12,1.2,220.0,85.0,20.0,10.0,1,0.1032,1445,26.653,32.169,1.342,0.891,0.9578,0.0422,0.0,-0.552,4.136,-3.875,7.487,2.77,18.452,17.62,10.31,145.93,145.93,-0.9979,0.1686,0.36,-0.7566,0.068
c6,2.0,1.31,0.5,13,1.7,280.0,115.0,20.0,10.0,1,0.1132,1445,75.295,107.19,1.4719,2.295,0.9813,0.0152,0.0035,-0.244,5.52,-0.34,7.369,3.69,14.203,23.41,11.57,149.48,149.54,-0.9989,-0.158,0.0752,-0.0139,0.2922
c6,2.0,1.31,0.5,14,1.84,270.0,105.0,16.0,10.0,1,0.0865,1445,70.957,101.406,1.124,2.832,0.9758,0.0242,0.0,-0.171,4.505,-1.319,5.532,29.212,32.374,19.17,7.64,149.51,149.55,-0.9989,-0.1414,0.0499,-0.0712,0.2805
c6,2.0,1.31,0.5,15,1.83,270.0,105.0,16.0,10.0,1,0.0824,1445,69.969,99.891,1.0718,2.928,0.9785,0.0215,0.0,-0.248,4.467,-1.148,5.62,34.304,35.364,19.03,8.16,149.48,149.52,-0.9988,0.0186,0.0234,-0.1814,0.3628
c6,2.0,1.31,0.5,16,1.96,240.0,105.0,16.0,10.0,1,0.0919,1445,80.649,119.141,1.1952,3.027,0.9488,0.0512,0.0,0.108,1.471,-3.216,5.522,32.174,37.548,6.41,6.71,150.71,150.73,-0.9951,-0.062,0.012,-0.6305,-0.1629
c6,2.0,1.31,0.5,17,1.81,280.0,105.0,16.0,10.0,1,0.0671,1445,68.754,96.935,0.8718,3.538,0.982,0.018,0.0,-0.254,4.448,-0.403,5.245,41.673,42.524,18.94,7.27,149.57,149.61,-0.9988,-0.0308,0.0546,-0.1262,0.2776
c6,2.0,1.31,0.5,18,1.52,260.0,125.0,12.0,10.0,1,0.0724,1445,69.649,97.168,0.9411,3.32,0.9848,0.0152,0.0,0.044,5.43,-1.824,4.954,15.475,18.078,23.42,8.5,152.77,152.82,-0.999,0.035,0.0029,-0.3184,0.3174
c6,2.0,1.31,0.5,19,1.91,250.0,105.0,16.0,10.0,1,0.0749,1445,75.823,110.978,0.9737,3.493,0.9578,0.0422,0.0,0.063,2.979,-2.735,5.441,47.236,48.275,12.79,6.26,150.28,150.3,-0.9982,0.0854,0.0017,-0.3565,0.2292
c6,2.0,1.31,0.5,20,1.53,270.0,125.0,12.0,10.0,1,0.075,1445,71.447,99.661,0.9744,3.289,0.9903,0.0097,0.0,0.207,6.967,-1.25,6.241,-12.019,19.995,29.81,13.58,151.16,151.23,-0.9991,-0.0311,-0.048,-0.152,0.3349
c6,2.0,1.31,0.7,1,1.88,240.0,115.0,16.0,10.0,1,0.0987,1445,92.084,136.994,1.2825,3.221,0.946,0.054,0.0,0.064,3.782,-3.533,5.859,29.966,32.43,16.3,7.62,151.42,151.45,-0.9986,0.0745,-0.0313,-0.353,0.4062
c6,2.0,1.31,0.7,2,1.21,220.0,85.0,20.0,10.0,1,0.1161,1445,27.101,32.412,1.5087,0.806,0.9474,0.0526,0.0,-0.293,3.878,-3.95,7.484,-9.377,12.834,16.55,9.59,146.14,146.14,-0.9977,0.1533,0.2856,-0.7687,0.1114
c6,2.0,1.31,0.7,3,1.23,220.0,85.0,20.0,10.0,1,0.1162,1445,27.25,32.757,1.511,0.809,0.9453,0.0547,0.0,-0.136,3.75,-3.752,7.439,-9.619,11.829,16.02,9.09,146.22,146.23,-0.9976,0.0268,0.2565,-0.7184,0.2429
c6,2.0,1.31,0.7,4,1.22,220.0,85.0,20.0,10.0,1,0.1064,1445,27.143,32.527,1.383,0.88,0.9453,0.0547,0.0,-0.617,3.823,-3.991,7.296,9.44,23.058,16.31,10.23,146.11,146.11,-0.9977,0.1864,0.4,-0.7959,0.0747
c6,2.0,1.31,0.7,5,1.9,250.0,115.0,16.0,10.0,1,0.1112,1445,95.202,142.387,1.4461,2.953,0.9585,0.0415,0.0,-0.062,5.273,-2.926,5.724,14.579,19.711,22.6,7.41,150.55,150.59,-0.999,0.222,-0.0172,-0.3216,0.4464
c6,2.0,1.31,0.7,6,1.89,260.0,115.0,16.0,10.0,1,0.0998,1445,94.367,141.024,1.297,3.264,0.964,0.036,0.0,-0.244,6.149,-2.092,5.399,23.314,26.448,26.23,7.08,149.97,150.02,-0.9991,0.1692,0.0173,-0.2489,0.5853
c6,2.0,1.31,0.7,7,1.24,220.0,85.0,20.0,10.0,1,0.0988,1445,27.472,33.018,1.2845,0.959,0.9426,0.0574,0.0,-0.634,3.694,-3.86,7.175,22.095,30.268,15.78,10.01,146.18,146.19,-0.9977,0.1193,0.4317,-0.7691,0.0003
c6,2.0,1.31,0.7,8,1.67,240.0,125.0,16.0,10.0,1,0.0777,1445,86.619,126.896,1.0105,3.845,0.9578,0.0422,0.0,0.13,3.085,-3.655,6.294,42.442,43.154,13.44,9.04,153.27,153.31,-0.9981,0.0847,-0.0337,-0.5004,0.1757
c6,2.0,1.31,0.7,9,1.66,240.0,125.0,16.0,10.0,1,0.09,1445,85.497,124.542,1.1696,3.279,0.9557,0.0443,0.0,0.029,2.974,-3.71,6.38,28.225,32.404,12.97,10.13,153.27,153.3,-0.9979,0.0014,-0.0216,-0.4703,0.0525
c6,2.0,1.31,0.7,10,1.9,260.0,115.0,16.0,10.0,1,-0.0005,1445,94.305,140.322,-0.0063,,0.9578,0.0422,0.0,0.131,1.09,-2.583,5.037,91.993,97.158,4.83,4.55,152.43,152.46,-0.9925,-0.3788,0.0396,-0.6689,-0.1077
c6,2.0,1.31,0.7,11,1.88,250.0,115.0,16.0,10.0,1,0.1021,1445,92.516,137.672,1.3267,3.128,0.9585,0.0415,0.0,0.038,5.081,-2.974,5.763,25.54,27.978,21.8,7.8,150.66,150.7,-0.999,0.179,-0.0224,-0.3118,0.5097
c6,2.0,1.31,0.7,12,1.35,230.0,85.0,16.0,10.0,1,0.0713,1445,28.922,34.945,0.9271,1.399,0.9377,0.0623,0.0,-0.166,3.016,-2.796,5.614,-34.851,39.256,12.92,5.49,147.48,147.49,-0.9972,-0.0163,0.1111,-0.7815,0.0353
c6,2.0,1.31,0.7,13,1.7,280.0,125.0,16.0,10.0,1,0.0754,1445,90.298,132.458,0.9807,4.13,0.9758,0.0242,0.0,-0.034,7.728,-1.122,6.627,40.46,43.008,32.91,11.84,149.91,150.0,-0.9992,0.1209,0.02,-0.1882,0.4352
c6,2.0,1.31,0.7,14,1.69,300.0,115.0,20.0,10.0,0,0.0504,727,38.568,54.631,0.3292,5.256,0.9821,0.0151,0.0028,-1.584,14.091,7.637,18.213,33.161,37.888,31.86,35.73,142.4,143.99,-0.7641,-0.2336,0.7585,-0.4775,-0.1707
c6,2.0,1.31,0.7,15,1.88,260.0,115.0,16.0,10.0,1,0.0959,1445,92.773,138.207,1.2462,3.34,0.9689,0.0311,0.0,-0.117,5.765,-2.306,5.739,26.822,30.879,24.64,8.15,150.18,150.23,-0.9991,0.1313,0.0084,-0.2422,0.4057
c6,2.0,1.31,0.7,16,1.68,300.0,115.0,20.0,10.0,1,0.0797,1445,74.365,104.473,1.0363,3.219,0.9834,0.0166,0.0,-0.267,6.67,1.755,7.272,30.903,32.594,28.16,12.17,148.56,148.62,-0.9991,-0.1122,0.1088,-0.0078,0.1763
c6,2.0,1.31,0.7,17,1.85,240.0,115.0,16.0,10.0,1,0.0826,1445,88.637,131.58,1.0734,3.704,0.9433,0.0567,0.0,0.098,1.264,-3.622,5.802,40.628,42.568,5.58,7.21,152.28,152.31,-0.9937,-0.4103,0.0004,-0.7468,-0.0614
c6,2.0,1.31,0.7,18,1.34,230.0,85.0,16.0,10.0,1,0.0783,1445,28.745,34.679,1.0173,1.267,0.9356,0.0644,0.0,-0.087,3.107,-2.838,5.844,-31.607,35.501,13.3,6.1,147.44,147.44,-0.9973,0.0473,0.0857,-0.7612,0.0771
c6,2.0,1.31,0.7,19,1.67,300.0,115.0,20.0,10.0,1,0.0862,1445,73.897,103.665,1.1207,2.958,0.9855,0.0145,0.0,0.209,6.109,2.373,8.297,-3.265,22.729,25.7,15.26,148.71,148.78,-0.9991,-0.2565,0.0072,0.1033,0.0638
c6,2.0,1.31,0.7,20,1.93,250.0,115.0,12.0,10.0,1,0.0639,1445,97.693,146.545,0.8306,5.276,0.9599,0.0401,0.0,0.133,1.207,-2.306,4.211,39.681,41.454,5.32,3.74,153.11,153.14,-0.993,-0.2295,-0.0262,-0.7283,-0.0902
