freq,hip_phi,leg_amp,hip_amp,hip_off,mu,v_net,fore_mean,fore_min,pct_behind,base_mm,pitch_p2p
1.37,350.0,75.0,16.0,50.0,0.5,0.1225,-4.3,-60.3,58.3,24.9,27.1
1.43,270.0,75.0,32.0,10.0,0.5,0.112,-6.6,-74.5,65.0,40.1,28.6
1.46,250.0,75.0,32.0,10.0,0.5,0.1079,-5.9,-74.9,66.1,43.1,22.9
1.39,350.0,75.0,16.0,50.0,0.5,0.1074,-3.6,-61.7,55.4,24.6,26.9
1.46,270.0,75.0,32.0,10.0,0.5,0.1073,-7.9,-76.1,66.3,42.0,27.7
1.36,350.0,75.0,16.0,50.0,0.5,0.1069,-4.6,-61.1,57.3,24.0,26.5
1.49,250.0,75.0,32.0,20.0,0.5,0.1049,-9.1,-72.3,63.8,38.0,25.7
1.46,250.0,75.0,32.0,20.0,0.5,0.1041,-8.7,-72.6,63.6,39.6,24.8
1.49,270.0,75.0,32.0,10.0,0.5,0.1041,-8.3,-78.4,65.7,39.8,28.9
1.43,350.0,75.0,16.0,50.0,0.5,0.104,-3.8,-61.8,55.4,24.7,26.9
1.47,250.0,75.0,32.0,20.0,0.5,0.1039,-8.7,-71.9,63.4,39.0,25.4
1.48,250.0,75.0,32.0,20.0,0.5,0.1037,-9.2,-72.4,64.5,38.5,25.5
1.38,280.0,75.0,32.0,10.0,0.5,0.1032,-6.6,-77.8,66.4,41.4,31.8
1.48,270.0,75.0,32.0,10.0,0.5,0.1032,-8.6,-78.6,66.0,40.3,28.7
1.49,280.0,75.0,32.0,10.0,0.5,0.1031,-9.6,-78.2,67.9,38.2,30.3
1.41,250.0,75.0,32.0,20.0,0.5,0.1022,-5.5,-72.1,62.0,43.1,28.0
1.44,250.0,75.0,32.0,20.0,0.5,0.1014,-8.4,-73.0,63.8,41.1,25.1
1.38,350.0,75.0,16.0,50.0,0.5,0.1014,-4.4,-61.3,57.1,24.5,27.2
1.47,240.0,75.0,32.0,20.0,0.5,0.1009,-8.3,-71.9,64.4,39.8,25.5
1.49,260.0,75.0,32.0,20.0,0.5,0.1009,-9.5,-72.6,63.5,37.5,27.4
1.43,250.0,75.0,32.0,20.0,0.5,0.1003,-7.4,-72.1,63.7,42.6,28.3
1.32,260.0,85.0,32.0,20.0,0.5,0.1001,-3.3,-68.2,66.3,45.4,28.1
1.49,270.0,75.0,28.0,20.0,0.5,0.1,-6.6,-68.0,68.6,45.2,24.8
1.46,260.0,75.0,32.0,20.0,0.5,0.0993,-8.7,-72.7,62.3,39.5,26.9
1.29,270.0,85.0,32.0,20.0,0.5,0.099,-4.4,-72.4,65.9,42.5,33.0
1.44,260.0,75.0,32.0,20.0,0.5,0.0989,-9.1,-72.2,64.0,40.4,26.6
1.39,280.0,75.0,32.0,10.0,0.5,0.0987,-6.5,-75.4,66.5,41.6,29.4
1.49,260.0,75.0,28.0,20.0,0.5,0.0987,-5.9,-66.4,67.8,45.1,23.4
1.49,240.0,75.0,32.0,20.0,0.5,0.0984,-8.8,-68.2,64.8,39.7,24.4
1.49,270.0,75.0,28.0,10.0,0.5,0.0982,-4.8,-75.8,65.8,45.0,23.0
1.39,250.0,75.0,32.0,20.0,0.5,0.0982,-5.8,-72.8,63.6,42.7,28.9
1.49,330.0,75.0,32.0,20.0,0.5,0.098,-11.4,-71.9,63.9,24.9,41.3
1.31,260.0,85.0,28.0,30.0,0.5,0.0979,-3.7,-61.2,66.9,55.4,22.4
1.48,260.0,75.0,32.0,20.0,0.5,0.0977,-9.2,-72.3,63.9,38.3,27.6
1.46,280.0,75.0,32.0,10.0,0.5,0.0976,-9.2,-78.2,68.5,40.0,29.9
1.38,250.0,75.0,32.0,20.0,0.5,0.0974,-4.4,-73.0,62.0,43.0,26.8
1.43,260.0,75.0,32.0,20.0,0.5,0.0973,-9.1,-72.4,63.8,41.0,26.6
1.48,240.0,75.0,32.0,20.0,0.5,0.0973,-8.6,-68.5,64.6,39.9,24.3
1.36,260.0,75.0,32.0,20.0,0.5,0.0973,-5.5,-72.6,65.7,44.0,29.1
1.37,250.0,75.0,32.0,20.0,0.5,0.0972,-5.0,-72.6,62.5,44.1,27.1
1.32,280.0,85.0,32.0,10.0,0.5,0.097,-6.2,-76.1,72.0,50.7,24.9
1.46,240.0,75.0,32.0,20.0,0.5,0.0969,-8.6,-68.1,65.0,41.2,22.0
1.49,280.0,75.0,28.0,20.0,0.5,0.0966,-7.8,-68.4,69.0,43.2,26.9
1.32,260.0,85.0,28.0,20.0,0.5,0.0964,-3.8,-68.8,72.4,52.6,22.0
1.41,260.0,75.0,32.0,20.0,0.5,0.0964,-8.3,-72.3,64.3,43.5,26.4
1.44,280.0,75.0,32.0,10.0,0.5,0.0963,-8.9,-78.1,69.1,40.3,29.6
1.42,250.0,75.0,32.0,20.0,0.5,0.0962,-7.8,-71.7,64.2,43.8,25.0
1.28,270.0,85.0,32.0,20.0,0.5,0.0961,-3.9,-72.8,65.0,39.2,33.5
1.47,260.0,75.0,32.0,20.0,0.5,0.096,-9.5,-72.4,63.7,37.9,27.0
1.47,280.0,75.0,32.0,10.0,0.5,0.096,-8.8,-77.6,66.7,37.8,33.3
1.48,280.0,75.0,32.0,10.0,0.5,0.0959,-9.5,-78.0,70.4,40.3,29.6
1.31,280.0,85.0,32.0,10.0,0.5,0.0958,-6.5,-76.0,71.7,48.4,24.7
1.44,240.0,75.0,32.0,20.0,0.5,0.0957,-7.9,-68.5,65.2,42.7,23.0
1.29,260.0,85.0,28.0,30.0,0.5,0.0957,-3.6,-61.9,66.0,55.0,22.9
1.48,270.0,75.0,28.0,20.0,0.5,0.0955,-6.6,-67.5,68.1,45.2,25.0
1.32,260.0,85.0,28.0,30.0,0.5,0.0954,-4.1,-62.2,67.6,55.4,22.7
1.42,350.0,75.0,16.0,50.0,0.5,0.0953,-4.0,-61.2,55.2,27.2,26.6
1.42,240.0,75.0,32.0,20.0,0.5,0.0953,-7.3,-69.6,64.8,42.7,22.2
1.43,290.0,75.0,32.0,10.0,0.5,0.095,-7.1,-77.5,65.1,33.3,33.6
1.43,240.0,75.0,32.0,20.0,0.5,0.095,-8.2,-67.7,65.3,43.6,21.9
1.39,260.0,75.0,32.0,20.0,0.5,0.0949,-7.8,-72.5,63.4,43.7,26.3
1.41,240.0,75.0,32.0,20.0,0.5,0.0949,-7.4,-69.5,64.9,43.6,22.2
1.47,260.0,75.0,28.0,20.0,0.5,0.0949,-5.6,-66.3,68.0,46.3,22.4
1.31,260.0,85.0,28.0,20.0,0.5,0.0948,-3.1,-69.4,71.1,52.2,22.4
1.49,300.0,75.0,32.0,20.0,0.5,0.0948,-10.8,-72.1,64.7,31.4,39.8
1.28,260.0,85.0,28.0,30.0,0.5,0.0945,-3.4,-63.7,65.5,53.9,23.2
1.46,270.0,75.0,28.0,20.0,0.5,0.0945,-6.4,-68.2,68.5,46.7,24.3
1.46,260.0,75.0,28.0,20.0,0.5,0.0943,-5.1,-67.7,68.3,47.2,22.6
1.43,240.0,75.0,32.0,30.0,0.5,0.0943,-4.7,-67.5,59.4,40.0,27.1
1.32,270.0,85.0,28.0,20.0,0.5,0.094,-4.6,-70.4,71.3,53.2,24.2
1.49,290.0,75.0,32.0,20.0,0.5,0.0936,-11.3,-72.2,67.1,35.5,31.7
1.27,290.0,85.0,32.0,10.0,0.5,0.0934,-4.1,-74.9,66.4,33.6,29.8
1.46,270.0,75.0,32.0,20.0,0.5,0.0932,-9.7,-72.5,65.9,39.5,32.4
1.38,260.0,75.0,32.0,20.0,0.5,0.0932,-7.7,-71.9,64.0,44.8,26.7
1.44,260.0,75.0,28.0,20.0,0.5,0.0931,-5.1,-68.7,68.9,47.9,23.3
1.37,260.0,75.0,32.0,20.0,0.5,0.0929,-7.5,-71.8,64.9,45.8,26.0
1.42,260.0,75.0,32.0,20.0,0.5,0.0928,-8.7,-72.8,63.4,42.0,26.3
1.37,240.0,75.0,32.0,20.0,0.5,0.0927,-5.9,-66.7,64.9,45.1,21.3
1.42,240.0,75.0,32.0,30.0,0.5,0.0926,-5.4,-68.2,57.3,39.7,27.9
1.32,280.0,85.0,28.0,20.0,0.5,0.0925,-6.0,-69.8,70.5,53.5,25.7
1.39,240.0,75.0,32.0,20.0,0.5,0.0924,-6.5,-67.9,65.3,44.2,21.7
1.48,270.0,75.0,28.0,10.0,0.5,0.0924,-5.1,-75.1,66.4,46.2,23.0
1.49,250.0,75.0,28.0,20.0,0.5,0.0924,-5.7,-66.3,67.9,45.6,22.1
1.48,280.0,75.0,28.0,20.0,0.5,0.0923,-7.8,-68.8,69.7,43.7,26.6
1.48,260.0,75.0,28.0,20.0,0.5,0.0923,-5.7,-69.0,67.7,45.7,23.2
1.44,290.0,75.0,32.0,20.0,0.5,0.0923,-10.4,-72.8,65.9,35.9,33.2
1.32,270.0,85.0,32.0,20.0,0.5,0.0921,-4.9,-72.2,66.4,45.2,32.9
1.49,280.0,75.0,32.0,20.0,0.5,0.0921,-10.4,-72.5,64.1,34.3,33.3
1.31,270.0,85.0,28.0,20.0,0.5,0.0919,-4.5,-69.8,71.0,53.0,24.1
1.38,240.0,75.0,32.0,20.0,0.5,0.0919,-6.2,-68.0,64.8,45.5,23.0
1.44,270.0,75.0,32.0,20.0,0.5,0.0918,-9.4,-72.0,65.0,39.5,31.4
1.49,270.0,75.0,32.0,20.0,0.5,0.0917,-10.1,-72.7,64.8,37.3,29.7
1.47,270.0,75.0,28.0,10.0,0.5,0.0916,-4.8,-77.4,65.8,46.3,22.4
1.47,270.0,75.0,28.0,20.0,0.5,0.0914,-6.8,-69.2,68.6,45.7,25.0
1.47,270.0,75.0,32.0,10.0,0.5,0.0911,-7.5,-76.3,66.4,38.9,27.7
1.49,320.0,75.0,32.0,20.0,0.5,0.091,-11.2,-72.7,63.7,27.9,40.7
1.44,280.0,75.0,28.0,20.0,0.5,0.0908,-6.7,-68.0,69.8,45.0,26.4
1.49,250.0,75.0,28.0,30.0,0.5,0.0908,-6.6,-64.8,64.6,43.9,22.1
1.48,270.0,75.0,32.0,20.0,0.5,0.0903,-9.6,-72.4,65.0,38.2,30.2
1.27,260.0,85.0,28.0,20.0,0.5,0.0903,-3.0,-70.4,69.9,51.8,21.4
1.28,260.0,85.0,28.0,20.0,0.5,0.0901,-3.0,-70.2,69.6,51.7,21.7
1.34,260.0,75.0,32.0,20.0,0.5,0.0899,-5.2,-72.8,65.7,44.0,29.1
1.29,260.0,85.0,28.0,20.0,0.5,0.0898,-3.0,-70.1,70.3,52.4,21.8
1.26,260.0,85.0,28.0,30.0,0.5,0.0898,-3.4,-64.8,67.0,54.4,23.2
1.47,280.0,75.0,28.0,20.0,0.5,0.0898,-7.6,-68.6,69.8,43.8,26.6
1.31,250.0,75.0,32.0,30.0,0.5,0.0898,-3.8,-67.4,52.4,30.9,32.8
1.31,280.0,85.0,28.0,10.0,0.5,0.0896,-4.5,-71.6,72.0,48.2,23.5
1.31,280.0,85.0,28.0,20.0,0.5,0.0894,-5.6,-70.6,69.9,52.8,25.8
1.26,270.0,85.0,32.0,20.0,0.5,0.0894,-3.3,-67.9,69.1,46.6,28.9
1.32,280.0,85.0,28.0,10.0,0.5,0.0892,-4.6,-76.1,71.5,48.4,23.7
1.47,270.0,75.0,32.0,20.0,0.5,0.0892,-9.6,-72.3,64.7,38.2,30.3
1.26,260.0,85.0,28.0,20.0,0.5,0.089,-3.6,-70.4,71.2,53.6,21.3
1.44,280.0,75.0,32.0,20.0,0.5,0.089,-9.7,-72.7,65.1,38.2,32.1
1.29,290.0,85.0,32.0,20.0,0.5,0.0888,-6.9,-72.3,71.1,45.0,36.7
1.43,280.0,75.0,32.0,10.0,0.5,0.0888,-9.5,-77.5,69.4,41.6,29.1
1.48,290.0,75.0,32.0,20.0,0.5,0.0888,-11.2,-72.5,67.5,36.9,31.0
1.49,290.0,75.0,28.0,20.0,0.5,0.0888,-9.5,-69.4,71.2,44.5,26.8
1.47,250.0,75.0,28.0,20.0,0.5,0.0888,-5.1,-68.0,67.4,47.1,21.5
1.48,250.0,75.0,28.0,30.0,0.5,0.0887,-6.4,-63.1,65.3,45.0,21.7
1.48,250.0,75.0,28.0,20.0,0.5,0.0886,-5.0,-69.3,67.3,46.3,21.8
1.27,270.0,85.0,32.0,20.0,0.5,0.0885,-4.5,-72.7,68.0,46.0,28.7
1.46,290.0,75.0,32.0,20.0,0.5,0.0884,-10.9,-72.6,66.3,37.9,30.9
1.46,250.0,75.0,28.0,20.0,0.5,0.0883,-4.7,-71.0,67.1,48.1,22.0
1.48,240.0,75.0,32.0,30.0,0.5,0.0883,-8.3,-66.8,63.8,40.6,26.5
1.49,280.0,75.0,28.0,10.0,0.5,0.0882,-6.9,-74.7,68.3,44.1,25.3
1.41,260.0,75.0,28.0,20.0,0.5,0.0882,-4.5,-69.4,69.7,50.3,21.5
1.49,240.0,75.0,32.0,30.0,0.5,0.0881,-8.4,-67.3,64.3,39.6,26.1
1.44,270.0,75.0,32.0,10.0,0.5,0.088,0.9,-35.5,45.8,9.9,19.4
1.49,290.0,75.0,32.0,10.0,0.5,0.088,-11.0,-76.4,71.5,40.3,30.2
1.36,250.0,75.0,32.0,20.0,0.5,0.088,-4.7,-72.8,64.9,45.1,26.5
1.43,280.0,75.0,28.0,20.0,0.5,0.088,-7.1,-68.1,71.0,46.8,25.3
1.42,280.0,75.0,32.0,10.0,0.5,0.088,-9.0,-77.9,69.8,43.4,29.6
1.39,270.0,75.0,28.0,20.0,0.5,0.0879,-5.1,-68.1,69.4,49.2,24.2
1.42,260.0,75.0,28.0,20.0,0.5,0.0879,-4.9,-68.1,68.8,49.5,23.3
1.46,280.0,75.0,32.0,20.0,0.5,0.0878,-9.9,-72.6,65.1,37.4,32.1
1.46,300.0,75.0,32.0,20.0,0.5,0.0878,-10.9,-72.7,66.5,35.7,34.0
1.42,280.0,75.0,28.0,20.0,0.5,0.0877,-7.1,-68.3,70.4,46.9,25.6
1.44,250.0,75.0,28.0,20.0,0.5,0.0877,-4.3,-70.1,67.6,49.0,21.2
1.32,270.0,75.0,32.0,20.0,0.5,0.0876,-6.3,-71.8,67.7,46.4,30.3
1.48,280.0,75.0,32.0,20.0,0.5,0.0876,-10.6,-72.5,66.4,37.0,32.4
1.47,290.0,75.0,32.0,20.0,0.5,0.0875,-10.7,-72.3,66.1,36.7,30.8
1.31,290.0,85.0,32.0,10.0,0.5,0.0874,-5.9,-74.4,69.7,41.1,31.6
1.49,300.0,75.0,32.0,10.0,0.5,0.0873,-12.0,-75.4,70.7,39.5,29.1
1.41,270.0,75.0,32.0,20.0,0.5,0.0872,-9.0,-72.6,65.6,42.3,28.4
1.33,260.0,75.0,32.0,20.0,0.5,0.0871,-4.6,-73.0,64.7,44.9,27.2
1.47,250.0,75.0,28.0,30.0,0.5,0.087,-5.9,-62.2,64.2,44.9,21.9
1.46,280.0,75.0,28.0,20.0,0.5,0.0866,-7.6,-68.6,69.6,44.6,28.1
1.42,270.0,75.0,28.0,20.0,0.5,0.0865,-5.8,-68.2,68.5,48.2,25.1
1.31,260.0,85.0,32.0,20.0,0.5,0.0864,-1.6,-67.5,65.8,40.2,28.1
1.41,270.0,75.0,28.0,20.0,0.5,0.0864,-5.5,-68.8,68.7,48.8,25.2
1.49,240.0,75.0,28.0,30.0,0.5,0.0863,-5.6,-60.5,61.8,45.3,19.6
1.43,250.0,75.0,28.0,30.0,0.5,0.0863,-5.9,-63.1,63.8,47.2,20.8
1.42,270.0,75.0,32.0,20.0,0.5,0.0863,-8.9,-72.6,63.9,40.8,30.6
1.44,270.0,75.0,28.0,20.0,0.5,0.0862,-6.5,-70.7,68.1,46.7,24.5
1.43,270.0,75.0,32.0,20.0,0.5,0.086,-9.3,-72.3,64.4,40.1,29.4
1.29,260.0,75.0,32.0,30.0,0.5,0.0858,-4.7,-67.4,57.8,38.2,31.6
1.41,240.0,75.0,32.0,30.0,0.5,0.0858,-4.9,-67.8,57.3,41.0,27.4
1.29,280.0,85.0,28.0,20.0,0.5,0.0857,-5.6,-70.8,69.8,53.8,25.2
1.28,260.0,85.0,32.0,20.0,0.5,0.0856,-1.8,-59.4,65.9,37.7,25.1
1.29,270.0,85.0,28.0,20.0,0.5,0.0855,-4.0,-70.3,69.1,51.9,24.8
1.29,290.0,85.0,28.0,20.0,0.5,0.0855,-5.6,-67.5,72.6,52.6,27.9
1.41,350.0,75.0,16.0,50.0,0.5,0.0854,-5.0,-60.4,55.6,28.9,26.8
1.41,280.0,75.0,28.0,20.0,0.5,0.0853,-6.7,-69.2,70.4,47.5,25.6
1.46,240.0,75.0,32.0,30.0,0.5,0.0853,-8.2,-67.2,63.3,41.2,26.4
1.44,260.0,75.0,28.0,30.0,0.5,0.0851,-6.3,-64.0,64.0,47.5,26.3
1.37,280.0,75.0,32.0,10.0,0.5,0.085,-1.1,-35.5,54.8,11.8,18.7
1.34,250.0,75.0,32.0,20.0,0.5,0.085,-3.4,-72.5,63.8,43.3,24.9
1.43,250.0,75.0,28.0,20.0,0.5,0.0849,-4.6,-70.3,67.6,50.0,21.6
1.48,240.0,75.0,28.0,30.0,0.5,0.0849,-5.8,-64.3,61.1,46.0,20.3
1.39,270.0,75.0,32.0,20.0,0.5,0.0849,-7.9,-73.0,65.5,43.2,28.3
1.47,310.0,75.0,32.0,20.0,0.5,0.0848,-10.6,-72.2,64.2,31.6,40.3
1.41,250.0,75.0,28.0,20.0,0.5,0.0847,-3.9,-69.7,67.6,51.2,20.3
1.47,280.0,75.0,32.0,20.0,0.5,0.0846,-10.6,-72.6,66.7,37.5,31.4
1.33,260.0,75.0,32.0,30.0,0.5,0.0846,-4.3,-67.5,58.6,38.2,30.5
1.42,250.0,75.0,28.0,30.0,0.5,0.0846,-5.3,-64.5,62.1,47.3,20.4
1.48,290.0,75.0,28.0,20.0,0.5,0.0846,-9.4,-69.0,70.8,44.9,26.5
1.43,270.0,75.0,28.0,20.0,0.5,0.0846,-6.3,-70.1,68.3,48.3,24.3
1.38,280.0,75.0,28.0,20.0,0.5,0.0845,-5.8,-68.4,68.9,49.7,26.7
1.46,250.0,75.0,28.0,30.0,0.5,0.0845,-5.5,-65.5,63.0,46.1,23.2
1.28,280.0,85.0,28.0,20.0,0.5,0.0845,-5.5,-70.6,69.5,52.7,26.2
1.39,300.0,75.0,32.0,20.0,0.5,0.0844,-10.1,-72.7,66.4,39.7,35.6
1.43,280.0,75.0,32.0,20.0,0.5,0.0843,-9.3,-72.5,64.5,38.7,32.9
1.28,290.0,85.0,28.0,20.0,0.5,0.0843,-6.1,-69.5,69.5,53.2,27.2
1.49,300.0,75.0,28.0,20.0,0.5,0.0842,-9.5,-69.6,70.1,43.6,28.3
1.47,240.0,75.0,32.0,30.0,0.5,0.0842,-8.8,-66.8,63.1,41.2,25.6
1.42,250.0,75.0,28.0,20.0,0.5,0.0841,-4.3,-70.0,68.4,50.2,21.1
1.44,240.0,75.0,32.0,30.0,0.5,0.0841,-8.1,-66.9,63.3,42.7,24.9
1.34,280.0,75.0,32.0,20.0,0.5,0.0841,-6.7,-72.2,64.5,42.9,34.4
1.29,300.0,85.0,32.0,20.0,0.5,0.0841,-7.8,-72.8,66.9,43.6,38.5
1.28,250.0,75.0,32.0,30.0,0.5,0.084,-4.6,-68.0,56.5,33.3,30.8
1.29,300.0,85.0,28.0,20.0,0.5,0.084,-6.6,-69.6,70.0,51.8,30.5
1.32,250.0,85.0,32.0,20.0,0.5,0.084,-0.8,-67.2,62.2,37.1,26.3
1.39,280.0,75.0,32.0,20.0,0.5,0.084,-8.6,-72.6,65.6,42.6,31.1
1.48,280.0,75.0,28.0,10.0,0.5,0.0839,-7.0,-76.0,68.8,44.7,24.6
1.36,270.0,75.0,32.0,20.0,0.5,0.0839,-7.3,-72.5,65.8,44.7,31.4
1.39,260.0,75.0,28.0,20.0,0.5,0.0839,-4.7,-70.4,69.3,51.6,21.8
1.37,270.0,75.0,28.0,20.0,0.5,0.0836,-5.0,-69.9,70.4,50.7,23.9
1.39,250.0,75.0,28.0,20.0,0.5,0.0836,-2.9,-66.3,67.2,50.9,21.5
1.28,250.0,85.0,32.0,20.0,0.5,0.0835,-0.9,-68.7,63.5,38.1,22.5
1.49,250.0,75.0,24.0,30.0,0.5,0.0835,-4.0,-65.1,57.4,49.6,18.2
1.28,270.0,85.0,28.0,20.0,0.5,0.0835,-4.6,-70.5,70.9,52.0,24.6
1.47,290.0,75.0,28.0,20.0,0.5,0.0835,-9.1,-69.5,71.4,44.3,26.1
1.31,290.0,85.0,28.0,20.0,0.5,0.0834,-6.1,-65.9,71.3,52.3,28.1
1.31,260.0,75.0,32.0,20.0,0.5,0.0833,-3.5,-72.0,66.6,43.2,27.4
1.32,270.0,85.0,24.0,20.0,0.5,0.0833,-3.5,-64.3,70.6,51.5,22.3
1.44,250.0,75.0,32.0,30.0,0.5,0.0833,-8.3,-67.6,62.5,42.1,28.5
1.43,260.0,75.0,28.0,20.0,0.5,0.0833,-5.6,-70.0,68.4,48.9,23.5
1.27,290.0,85.0,28.0,20.0,0.5,0.0832,-6.4,-69.6,70.6,53.7,28.0
1.42,270.0,75.0,32.0,10.0,0.5,0.0832,0.7,-45.4,48.5,10.3,19.0
1.31,270.0,85.0,24.0,20.0,0.5,0.0831,-3.3,-63.7,71.4,51.3,22.0
1.27,260.0,85.0,32.0,20.0,0.5,0.0831,-2.0,-63.7,68.4,42.2,24.7
1.48,290.0,75.0,32.0,10.0,0.5,0.0831,-10.3,-75.8,70.3,41.0,30.1
1.34,300.0,75.0,32.0,20.0,0.5,0.083,-9.4,-72.6,68.1,42.1,31.1
1.42,280.0,75.0,32.0,20.0,0.5,0.083,-9.4,-72.8,64.3,38.9,33.1
1.32,260.0,75.0,32.0,20.0,0.5,0.0829,-4.4,-73.1,66.5,46.1,26.2
1.31,250.0,85.0,32.0,20.0,0.5,0.0829,-0.6,-66.9,64.1,40.3,21.9
1.39,280.0,75.0,28.0,20.0,0.5,0.0829,-6.6,-69.1,70.3,49.0,24.7
1.29,270.0,85.0,24.0,20.0,0.5,0.0828,-3.3,-63.3,72.2,52.4,21.5
1.28,270.0,85.0,24.0,20.0,0.5,0.0828,-3.1,-64.0,72.1,52.2,21.5
1.44,250.0,75.0,28.0,30.0,0.5,0.0828,-5.9,-63.9,63.3,47.1,22.8
1.34,300.0,75.0,24.0,30.0,0.5,0.0828,-5.1,-63.3,51.7,51.4,24.5
1.49,260.0,75.0,24.0,20.0,0.5,0.0827,-4.6,-70.7,64.5,46.9,19.9
1.38,300.0,75.0,32.0,20.0,0.5,0.0826,-9.9,-72.7,67.4,40.6,35.5
1.29,250.0,75.0,32.0,30.0,0.5,0.0826,-4.4,-67.4,55.1,38.0,31.0
1.29,260.0,85.0,32.0,20.0,0.5,0.0826,-1.7,-67.9,65.7,38.4,27.9
1.36,260.0,75.0,28.0,20.0,0.5,0.0826,-4.7,-69.8,69.6,51.8,22.0
1.26,260.0,85.0,32.0,20.0,0.5,0.0826,-1.6,-69.9,63.6,37.0,26.5
1.29,290.0,85.0,32.0,10.0,0.5,0.0824,-4.1,-75.2,66.8,28.3,30.0
1.46,300.0,75.0,28.0,30.0,0.5,0.0824,-8.3,-67.7,70.7,44.6,29.7
1.39,290.0,75.0,32.0,20.0,0.5,0.0824,-9.3,-73.0,66.8,41.1,33.4
1.41,250.0,75.0,28.0,30.0,0.5,0.0824,-3.5,-63.0,55.7,39.3,25.3
1.27,280.0,85.0,28.0,20.0,0.5,0.0823,-5.5,-70.0,71.3,53.8,26.3
1.33,270.0,75.0,28.0,20.0,0.5,0.0822,-3.9,-68.6,70.3,52.3,24.4
1.49,300.0,75.0,28.0,30.0,0.5,0.0821,-8.7,-67.6,71.0,42.3,30.1
1.26,290.0,85.0,28.0,20.0,0.5,0.0821,-6.3,-68.0,70.8,52.1,27.7
1.43,260.0,75.0,28.0,30.0,0.5,0.082,-6.5,-64.5,65.9,50.4,24.4
1.29,280.0,85.0,32.0,10.0,0.5,0.082,-2.3,-71.4,62.9,19.7,28.7
1.43,250.0,75.0,32.0,30.0,0.5,0.0819,-6.1,-67.6,59.4,42.1,31.1
1.31,260.0,75.0,32.0,30.0,0.5,0.0819,-3.8,-66.6,56.2,34.2,33.3
1.48,300.0,75.0,28.0,20.0,0.5,0.0819,-9.9,-70.2,70.7,44.6,28.2
1.39,240.0,75.0,32.0,30.0,0.5,0.0818,-4.6,-68.1,57.3,37.9,29.5
1.38,260.0,75.0,28.0,20.0,0.5,0.0817,-4.7,-71.1,69.2,51.3,21.6
1.49,290.0,75.0,28.0,10.0,0.5,0.0817,-9.6,-77.2,68.2,42.3,24.5
1.29,260.0,75.0,32.0,20.0,0.5,0.0817,-3.0,-72.5,65.0,40.3,27.8
1.47,300.0,75.0,28.0,30.0,0.5,0.0816,-8.8,-67.9,69.6,43.8,31.4
1.47,290.0,75.0,32.0,10.0,0.5,0.0815,-10.2,-76.4,68.8,40.5,30.2
1.49,270.0,75.0,24.0,20.0,0.5,0.0814,-5.0,-61.6,69.8,45.4,21.2
1.38,270.0,75.0,32.0,20.0,0.5,0.0814,-7.7,-72.9,66.4,43.6,30.5
1.46,290.0,75.0,28.0,20.0,0.5,0.0813,-8.7,-70.0,71.3,44.5,25.9
1.41,290.0,75.0,32.0,20.0,0.5,0.0813,-10.3,-72.9,65.8,39.5,34.9
1.33,250.0,75.0,32.0,20.0,0.5,0.0813,-2.0,-72.8,61.3,37.7,24.8
1.48,250.0,75.0,24.0,30.0,0.5,0.0813,-4.3,-65.5,57.8,50.3,18.1
1.38,290.0,75.0,32.0,20.0,0.5,0.0812,-9.3,-72.6,65.5,41.4,33.3
1.43,290.0,75.0,32.0,20.0,0.5,0.0812,-10.1,-72.9,66.0,37.7,34.0
1.34,270.0,75.0,32.0,20.0,0.5,0.0811,-5.1,-72.4,65.0,42.1,31.0
1.34,260.0,75.0,28.0,20.0,0.5,0.0811,-2.6,-68.3,65.3,48.2,24.9
1.46,300.0,75.0,28.0,20.0,0.5,0.081,-9.4,-70.0,71.3,46.1,26.8
1.46,290.0,75.0,32.0,10.0,0.5,0.081,-9.7,-76.0,68.5,40.9,30.1
1.29,250.0,85.0,32.0,20.0,0.5,0.081,-1.4,-69.2,65.4,41.9,21.5
1.44,300.0,75.0,28.0,30.0,0.5,0.081,-8.3,-67.7,69.3,44.9,28.7
1.47,300.0,75.0,32.0,20.0,0.5,0.0809,-10.4,-72.7,63.6,32.6,36.8
1.41,280.0,75.0,32.0,20.0,0.5,0.0809,-9.4,-72.6,65.0,40.3,31.8
1.27,250.0,75.0,32.0,30.0,0.5,0.0809,-4.1,-67.1,58.5,38.1,31.0
1.26,270.0,85.0,28.0,20.0,0.5,0.0809,-4.3,-70.1,70.5,52.9,24.2
1.47,300.0,75.0,28.0,20.0,0.5,0.0809,-9.4,-70.2,70.9,45.6,27.7
1.37,280.0,75.0,32.0,20.0,0.5,0.0808,-8.8,-72.8,67.5,44.0,31.2
1.36,240.0,75.0,32.0,20.0,0.5,0.0808,-0.8,-68.1,56.1,30.5,22.2
1.32,290.0,75.0,32.0,10.0,0.5,0.0807,-3.4,-47.4,66.8,24.3,18.2
1.28,300.0,85.0,28.0,20.0,0.5,0.0806,-6.3,-69.7,66.8,50.7,30.2
1.33,300.0,75.0,24.0,30.0,0.5,0.0806,-4.9,-63.0,52.6,51.3,25.0
1.34,280.0,75.0,32.0,10.0,0.5,0.0806,-1.3,-55.4,57.2,15.9,20.2
1.38,260.0,75.0,32.0,30.0,0.5,0.0806,-6.5,-67.6,64.6,44.1,32.1
1.41,260.0,75.0,28.0,30.0,0.5,0.0805,-5.6,-64.3,64.2,50.1,25.7
1.28,270.0,85.0,28.0,30.0,0.5,0.0805,-4.5,-64.4,63.0,53.0,26.2
1.38,270.0,75.0,28.0,20.0,0.5,0.0804,-5.2,-68.6,69.5,50.3,24.7
1.47,250.0,75.0,24.0,30.0,0.5,0.0804,-4.5,-65.5,58.3,50.2,18.2
1.48,300.0,75.0,32.0,10.0,0.5,0.0804,-12.7,-75.3,71.6,39.3,30.3
1.42,290.0,75.0,32.0,20.0,0.5,0.0803,-10.5,-72.6,67.4,38.3,34.0
1.37,300.0,75.0,32.0,20.0,0.5,0.0803,-9.9,-72.5,67.4,40.5,33.1
1.28,280.0,85.0,32.0,10.0,0.5,0.0802,-1.3,-35.1,62.4,12.5,20.6
1.26,260.0,75.0,32.0,30.0,0.5,0.0801,-5.0,-67.5,59.6,39.1,32.6
1.48,260.0,75.0,24.0,20.0,0.5,0.0801,-4.6,-65.9,64.0,47.1,19.9
1.49,260.0,75.0,24.0,30.0,0.5,0.0801,-5.0,-66.0,58.7,48.3,19.7
1.33,270.0,75.0,32.0,20.0,0.5,0.0801,-5.5,-72.3,65.0,42.4,30.4
1.46,260.0,75.0,24.0,30.0,0.5,0.0801,-4.5,-66.5,57.8,49.4,19.5
1.44,300.0,75.0,32.0,20.0,0.5,0.0801,-11.3,-72.4,68.1,37.3,32.0
1.47,260.0,75.0,24.0,30.0,0.5,0.08,-5.0,-66.0,58.1,49.1,19.5
1.48,300.0,75.0,28.0,30.0,0.5,0.08,-8.8,-67.8,72.3,43.2,29.7
1.32,260.0,85.0,24.0,40.0,0.5,0.0799,-3.0,-61.4,49.2,52.7,20.9
1.26,280.0,85.0,28.0,20.0,0.5,0.0799,-5.3,-70.2,68.7,52.0,26.0
1.44,240.0,75.0,28.0,30.0,0.5,0.0799,-4.6,-63.7,61.2,46.5,21.3
1.47,240.0,75.0,28.0,30.0,0.5,0.0798,-5.7,-62.8,61.1,46.0,21.5
1.48,260.0,75.0,24.0,30.0,0.5,0.0798,-4.9,-65.8,57.6,48.4,19.7
1.47,340.0,75.0,32.0,20.0,0.5,0.0798,-11.2,-73.3,62.1,30.0,39.6
1.38,250.0,75.0,28.0,20.0,0.5,0.0798,-3.6,-70.9,69.3,51.7,20.6
1.46,250.0,75.0,24.0,30.0,0.5,0.0797,-4.1,-65.6,57.5,49.9,18.1
1.49,280.0,75.0,24.0,10.0,0.5,0.0797,-4.9,-71.8,65.5,44.5,22.0
1.49,280.0,75.0,24.0,20.0,0.5,0.0797,-5.9,-71.5,72.4,43.9,22.9
1.27,260.0,85.0,28.0,30.0,0.5,0.0796,-4.8,-63.3,63.6,55.6,22.3
1.48,300.0,75.0,32.0,20.0,0.5,0.0796,-11.1,-72.7,65.9,33.5,36.0
1.46,240.0,75.0,28.0,30.0,0.5,0.0796,-3.9,-68.5,60.0,45.1,23.6
1.37,260.0,75.0,28.0,20.0,0.5,0.0796,-4.9,-70.1,67.7,50.4,23.1
1.31,290.0,75.0,32.0,10.0,0.5,0.0795,-3.1,-74.1,65.1,21.7,24.4
1.27,260.0,75.0,32.0,30.0,0.5,0.0795,-5.6,-67.7,59.4,40.6,31.8
1.27,270.0,85.0,28.0,20.0,0.5,0.0794,-4.8,-71.0,70.6,52.7,24.1
1.33,290.0,75.0,32.0,20.0,0.5,0.0794,-8.7,-72.6,68.0,44.1,34.3
1.27,270.0,85.0,24.0,20.0,0.5,0.0794,-3.3,-65.4,73.1,53.5,21.4
1.44,290.0,75.0,32.0,10.0,0.5,0.0793,-9.5,-75.5,69.1,40.8,29.5
1.49,310.0,75.0,32.0,10.0,0.5,0.0791,-12.8,-75.2,71.2,36.6,30.4
1.38,280.0,75.0,32.0,20.0,0.5,0.0791,-8.4,-72.8,65.5,43.9,31.6
1.44,260.0,75.0,24.0,30.0,0.5,0.079,-4.8,-65.9,58.8,49.2,19.6
1.31,300.0,75.0,24.0,30.0,0.5,0.079,-5.3,-65.2,52.7,51.8,25.0
1.42,260.0,75.0,28.0,30.0,0.5,0.0789,-5.7,-64.1,63.8,49.9,24.2
1.32,280.0,85.0,24.0,20.0,0.5,0.0789,-4.7,-71.3,69.3,50.7,24.1
1.48,270.0,75.0,24.0,20.0,0.5,0.0788,-5.3,-62.9,68.0,46.2,21.3
1.32,270.0,85.0,28.0,30.0,0.5,0.0788,-5.0,-64.7,67.3,53.0,26.7
1.32,300.0,85.0,32.0,10.0,0.5,0.0788,-7.8,-77.2,68.8,40.1,34.6
1.42,280.0,75.0,28.0,10.0,0.5,0.0788,-4.6,-76.0,67.6,45.1,23.8
1.27,270.0,75.0,32.0,20.0,0.5,0.0788,-4.5,-72.7,68.7,43.7,28.2
1.39,260.0,75.0,28.0,30.0,0.5,0.0787,-5.3,-65.0,63.6,49.3,24.0
1.36,270.0,75.0,28.0,20.0,0.5,0.0786,-5.3,-69.8,70.0,50.7,24.2
1.44,290.0,75.0,28.0,30.0,0.5,0.0786,-7.5,-67.5,68.2,45.8,28.3
1.31,280.0,85.0,24.0,30.0,0.5,0.0786,-3.9,-62.0,64.7,50.2,24.8
1.26,280.0,85.0,32.0,10.0,0.5,0.0786,-1.5,-35.0,63.6,12.3,20.0
1.44,290.0,75.0,28.0,20.0,0.5,0.0784,-8.9,-68.9,72.2,44.8,25.7
1.49,280.0,75.0,28.0,30.0,0.5,0.0784,-7.6,-67.6,67.7,44.9,27.4
1.27,280.0,85.0,32.0,10.0,0.5,0.0783,-2.5,-75.4,63.5,22.4,26.7
1.48,310.0,75.0,32.0,10.0,0.5,0.0783,-12.5,-75.5,70.9,38.5,29.8
1.47,250.0,75.0,24.0,20.0,0.5,0.0782,-2.6,-65.3,67.6,48.8,17.7
1.28,290.0,85.0,32.0,10.0,0.5,0.0781,-5.0,-76.1,69.5,36.2,24.8
1.48,290.0,75.0,28.0,10.0,0.5,0.0781,-9.4,-77.0,68.4,43.1,25.1
1.26,270.0,85.0,24.0,20.0,0.5,0.0781,-3.3,-64.3,73.9,54.0,20.9
1.41,240.0,75.0,32.0,40.0,0.5,0.0781,-3.6,-64.8,52.8,29.2,31.9
1.37,250.0,75.0,28.0,20.0,0.5,0.078,-3.3,-69.0,68.1,51.5,20.5
1.44,300.0,75.0,28.0,20.0,0.5,0.078,-9.4,-68.7,72.0,45.9,26.7
1.38,250.0,75.0,32.0,30.0,0.5,0.0779,-5.3,-67.5,58.4,40.3,31.5
1.49,270.0,75.0,24.0,30.0,0.5,0.0779,-5.5,-66.2,63.8,46.8,21.5
1.49,290.0,75.0,28.0,30.0,0.5,0.0779,-8.0,-67.8,68.8,43.8,29.2
1.41,300.0,75.0,32.0,20.0,0.5,0.0778,-10.9,-72.3,68.8,39.6,31.7
1.47,260.0,75.0,24.0,20.0,0.5,0.0778,-4.4,-71.1,62.6,46.9,19.8
1.48,310.0,75.0,32.0,20.0,0.5,0.0778,-11.7,-72.0,68.1,36.0,34.3
1.48,280.0,75.0,24.0,10.0,0.5,0.0777,-5.0,-72.2,66.4,45.0,22.0
1.37,270.0,75.0,32.0,20.0,0.5,0.0777,-7.0,-72.9,65.5,43.8,29.7
1.31,270.0,85.0,28.0,30.0,0.5,0.0777,-4.6,-64.3,66.0,52.4,26.4
1.32,280.0,85.0,24.0,30.0,0.5,0.0777,-4.2,-63.9,62.6,51.4,24.8
1.34,290.0,75.0,24.0,30.0,0.5,0.0776,-4.7,-63.2,52.1,50.6,23.1
1.36,250.0,75.0,28.0,20.0,0.5,0.0776,-2.8,-67.4,69.0,52.1,19.8
1.41,250.0,75.0,32.0,30.0,0.5,0.0776,-5.4,-67.1,57.5,39.3,30.3
1.43,300.0,75.0,32.0,20.0,0.5,0.0776,-11.5,-71.8,69.5,38.9,30.9
1.47,280.0,75.0,28.0,10.0,0.5,0.0776,-7.6,-77.0,69.0,45.4,23.1
1.36,280.0,75.0,32.0,20.0,0.5,0.0775,-8.5,-73.0,66.2,44.6,30.1
1.29,290.0,75.0,32.0,20.0,0.5,0.0774,-7.4,-72.9,66.9,46.0,32.9
1.49,290.0,75.0,24.0,20.0,0.5,0.0774,-7.1,-71.5,69.9,45.5,23.8
1.32,250.0,75.0,32.0,20.0,0.5,0.0773,-0.9,-68.6,57.3,29.7,23.8
1.43,300.0,75.0,32.0,0.0,0.5,0.0772,-2.7,-26.7,61.7,3.1,16.5
1.49,250.0,75.0,24.0,20.0,0.5,0.0772,-2.9,-70.8,60.9,48.5,18.3
1.31,260.0,85.0,24.0,40.0,0.5,0.0771,-2.6,-61.2,49.3,52.1,21.4
1.48,280.0,75.0,24.0,20.0,0.5,0.0771,-6.0,-71.4,72.4,45.2,23.2
1.29,270.0,75.0,32.0,20.0,0.5,0.077,-4.6,-73.1,64.5,40.6,30.0
1.43,290.0,75.0,28.0,20.0,0.5,0.077,-8.9,-69.6,71.9,45.0,25.7
1.47,270.0,75.0,24.0,20.0,0.5,0.077,-5.3,-64.7,66.5,45.8,21.2
1.31,280.0,85.0,24.0,20.0,0.5,0.077,-4.2,-64.2,68.5,50.4,24.0
1.36,250.0,75.0,32.0,30.0,0.5,0.0769,-4.4,-67.5,57.6,39.8,30.4
1.29,320.0,85.0,28.0,30.0,0.5,0.0769,-7.1,-67.6,61.2,47.2,35.7
1.27,250.0,85.0,32.0,20.0,0.5,0.0769,-0.4,-66.1,62.8,39.4,20.5
1.49,280.0,75.0,24.0,30.0,0.5,0.0768,-5.8,-66.1,63.8,46.0,23.2
1.46,280.0,75.0,24.0,10.0,0.5,0.0768,-4.5,-72.1,64.8,44.3,21.4
1.39,310.0,75.0,24.0,30.0,0.5,0.0768,-6.2,-64.4,57.9,50.4,25.4
1.43,260.0,75.0,24.0,30.0,0.5,0.0768,-4.9,-66.3,59.7,49.8,19.5
1.32,280.0,85.0,28.0,30.0,0.5,0.0767,-5.4,-65.2,64.3,51.2,29.3
1.32,290.0,85.0,28.0,20.0,0.5,0.0767,-6.2,-68.3,68.5,51.2,29.0
1.36,280.0,75.0,28.0,20.0,0.5,0.0767,-5.8,-70.4,69.8,49.8,26.3
1.49,310.0,75.0,28.0,20.0,0.5,0.0767,-10.4,-70.4,69.9,41.6,28.6
1.28,270.0,75.0,28.0,20.0,0.5,0.0766,-3.3,-70.7,70.7,51.6,23.8
1.32,300.0,75.0,24.0,30.0,0.5,0.0766,-5.1,-65.2,53.8,52.2,25.0
1.36,290.0,75.0,32.0,20.0,0.5,0.0766,-9.3,-72.8,67.6,43.4,31.9
1.32,290.0,85.0,24.0,30.0,0.5,0.0766,-4.4,-61.6,64.2,53.4,26.1
1.26,290.0,85.0,32.0,30.0,0.5,0.0766,-6.6,-65.8,61.9,41.8,40.5
1.38,310.0,75.0,24.0,30.0,0.5,0.0765,-6.2,-64.7,58.3,50.5,26.0
1.29,320.0,85.0,24.0,20.0,0.5,0.0765,-6.0,-66.5,50.4,50.8,28.1
1.32,320.0,85.0,32.0,30.0,0.5,0.0765,-9.4,-67.7,64.2,39.4,41.4
1.32,290.0,85.0,24.0,20.0,0.5,0.0764,-5.1,-71.4,64.4,50.2,24.9
1.41,280.0,75.0,32.0,10.0,0.5,0.0764,-9.8,-76.1,71.2,45.6,26.3
1.47,310.0,75.0,32.0,10.0,0.5,0.0761,-12.3,-75.2,70.1,38.1,31.2
1.28,290.0,75.0,32.0,10.0,0.5,0.0761,-2.7,-35.6,63.8,18.2,17.3
1.46,270.0,75.0,24.0,20.0,0.5,0.0761,-4.6,-63.7,64.1,46.9,21.1
1.47,290.0,75.0,28.0,10.0,0.5,0.0761,-8.9,-76.8,68.1,42.7,24.5
1.37,310.0,75.0,24.0,30.0,0.5,0.076,-6.0,-64.2,58.7,50.9,26.2
1.48,270.0,75.0,24.0,30.0,0.5,0.076,-5.4,-66.0,63.6,47.1,21.4
1.42,290.0,75.0,28.0,20.0,0.5,0.076,-8.7,-68.4,72.7,44.9,25.6
1.37,260.0,75.0,28.0,30.0,0.5,0.076,-5.3,-64.2,64.2,50.3,23.4
1.39,270.0,75.0,28.0,30.0,0.5,0.076,-5.7,-67.6,62.0,48.4,27.8
1.27,300.0,85.0,32.0,0.0,0.5,0.076,-3.2,-27.3,65.3,5.6,19.0
1.29,320.0,85.0,32.0,30.0,0.5,0.076,-8.9,-67.2,64.0,41.8,41.3
1.31,320.0,85.0,28.0,30.0,0.5,0.076,-8.3,-67.2,63.0,47.9,36.3
1.41,290.0,75.0,28.0,20.0,0.5,0.0759,-8.7,-68.7,72.9,45.4,25.5
1.48,250.0,75.0,24.0,20.0,0.5,0.0759,-3.5,-71.1,62.6,49.4,18.1
1.28,300.0,85.0,32.0,20.0,0.5,0.0759,-8.1,-72.7,67.6,44.6,36.1
1.46,280.0,75.0,28.0,10.0,0.5,0.0759,-7.5,-77.1,69.0,45.0,22.7
1.41,300.0,75.0,24.0,30.0,0.5,0.0759,-6.0,-63.7,61.2,49.4,24.4
1.32,290.0,75.0,32.0,20.0,0.5,0.0758,-8.8,-72.6,67.9,46.6,31.1
1.36,280.0,75.0,32.0,10.0,0.5,0.0758,-2.5,-70.5,61.2,22.0,24.0
1.41,300.0,75.0,28.0,30.0,0.5,0.0758,-8.2,-67.6,69.7,47.2,27.9
1.31,260.0,85.0,24.0,20.0,0.5,0.0758,-2.1,-65.6,63.8,53.2,19.2
1.43,300.0,75.0,28.0,30.0,0.5,0.0757,-8.2,-67.6,69.2,45.4,29.0
1.44,270.0,75.0,24.0,30.0,0.5,0.0757,-5.6,-66.2,58.6,48.2,20.8
1.36,260.0,75.0,28.0,30.0,0.5,0.0757,-5.1,-63.4,62.8,50.7,23.1
1.47,300.0,75.0,32.0,10.0,0.5,0.0756,-11.6,-75.6,70.1,38.7,30.5
1.42,300.0,75.0,32.0,20.0,0.5,0.0756,-10.8,-72.5,66.9,37.8,34.9
1.33,290.0,75.0,24.0,30.0,0.5,0.0756,-4.9,-63.3,52.0,51.9,23.0
1.38,260.0,75.0,28.0,30.0,0.5,0.0756,-5.3,-63.4,63.9,50.3,23.8
1.29,240.0,75.0,32.0,30.0,0.5,0.0756,-4.2,-68.0,59.7,36.8,28.9
1.36,310.0,75.0,24.0,30.0,0.5,0.0755,-6.0,-63.6,57.0,50.5,25.9
1.48,280.0,75.0,24.0,30.0,0.5,0.0755,-5.7,-65.5,63.2,46.4,23.0
1.48,290.0,75.0,24.0,20.0,0.5,0.0755,-7.2,-71.6,69.5,45.4,23.8
1.28,280.0,85.0,28.0,30.0,0.5,0.0755,-5.4,-64.3,66.6,53.0,27.6
1.28,260.0,75.0,32.0,20.0,0.5,0.0754,-3.2,-69.7,66.1,39.5,25.6
1.28,300.0,85.0,28.0,10.0,0.5,0.0754,-6.5,-76.3,71.3,47.7,29.3
1.43,270.0,75.0,24.0,30.0,0.5,0.0754,-5.6,-66.3,59.4,49.2,20.6
1.41,290.0,75.0,32.0,10.0,0.5,0.0753,-9.5,-77.8,70.8,42.4,28.3
1.46,270.0,75.0,24.0,30.0,0.5,0.0753,-5.1,-66.3,60.4,47.1,21.1
1.26,270.0,85.0,28.0,30.0,0.5,0.0752,-4.0,-64.6,66.1,53.1,25.4
1.32,260.0,85.0,24.0,20.0,0.5,0.0752,-2.3,-52.1,63.6,53.6,19.3
1.36,290.0,75.0,24.0,30.0,0.5,0.0752,-5.2,-65.1,54.4,50.4,23.2
1.46,260.0,75.0,24.0,20.0,0.5,0.0752,-4.6,-70.6,63.1,48.6,19.8
1.32,300.0,85.0,32.0,0.0,0.5,0.0751,-3.0,-28.9,64.3,10.1,20.1
1.41,270.0,75.0,24.0,30.0,0.5,0.0751,-5.0,-66.3,59.5,50.5,20.6
1.29,280.0,85.0,28.0,30.0,0.5,0.0751,-5.1,-64.8,64.1,52.6,28.3
1.32,310.0,85.0,24.0,20.0,0.5,0.0751,-6.3,-69.4,61.4,49.3,28.1
1.42,300.0,75.0,32.0,0.0,0.5,0.075,-2.6,-27.4,61.6,4.3,16.9
1.32,260.0,85.0,24.0,30.0,0.5,0.075,-3.5,-65.5,69.3,55.3,20.8
1.42,270.0,75.0,24.0,30.0,0.5,0.075,-5.0,-66.4,58.7,49.3,20.6
1.48,320.0,75.0,32.0,20.0,0.5,0.075,-11.6,-72.8,65.8,31.5,38.8
1.48,310.0,75.0,28.0,20.0,0.5,0.075,-10.4,-69.4,70.1,43.1,28.5
1.41,300.0,75.0,32.0,0.0,0.5,0.0749,-2.6,-39.5,62.0,5.3,17.2
1.47,270.0,75.0,24.0,30.0,0.5,0.0749,-5.4,-66.2,62.6,47.1,21.3
1.47,280.0,75.0,24.0,20.0,0.5,0.0749,-5.8,-64.9,72.4,44.8,22.5
1.26,250.0,85.0,32.0,20.0,0.5,0.0749,-0.7,-68.2,61.0,36.5,19.7
1.44,270.0,75.0,24.0,20.0,0.5,0.0749,-4.9,-64.2,64.8,47.6,21.0
1.31,290.0,85.0,24.0,30.0,0.5,0.0749,-4.4,-64.7,62.9,52.5,26.0
1.31,310.0,75.0,24.0,30.0,0.5,0.0749,-5.4,-63.6,53.3,52.0,25.8
1.32,280.0,75.0,32.0,10.0,0.5,0.0748,-1.5,-35.4,59.5,12.6,18.2
1.32,320.0,85.0,24.0,20.0,0.5,0.0748,-7.1,-68.1,54.7,49.4,29.2
1.42,240.0,75.0,28.0,30.0,0.5,0.0748,-3.9,-64.1,60.4,45.6,22.8
1.46,280.0,75.0,24.0,20.0,0.5,0.0748,-5.6,-64.9,72.1,44.7,22.5
1.33,310.0,75.0,24.0,30.0,0.5,0.0748,-5.3,-63.7,53.6,51.9,25.4
1.44,290.0,75.0,20.0,40.0,0.5,0.0747,-3.6,-54.0,52.9,46.3,21.1
1.39,260.0,75.0,32.0,30.0,0.5,0.0747,-6.8,-67.9,67.2,46.1,30.5
1.36,320.0,75.0,24.0,30.0,0.5,0.0747,-6.6,-67.4,57.1,50.3,27.7
1.39,280.0,75.0,28.0,30.0,0.5,0.0747,-6.0,-67.0,63.8,49.5,28.5
1.31,300.0,85.0,32.0,0.0,0.5,0.0747,-3.2,-42.2,64.5,10.1,20.0
1.39,300.0,75.0,32.0,0.0,0.5,0.0746,-2.7,-28.4,62.0,3.7,16.6
1.28,280.0,75.0,32.0,20.0,0.5,0.0746,-5.9,-73.2,67.1,43.0,30.7
1.29,270.0,85.0,28.0,30.0,0.5,0.0746,-4.4,-64.5,64.5,52.2,26.3
1.33,280.0,75.0,28.0,20.0,0.5,0.0745,-4.6,-68.0,69.3,51.3,26.3
1.29,310.0,85.0,28.0,20.0,0.5,0.0745,-7.2,-71.4,65.4,50.8,30.5
1.27,270.0,85.0,32.0,10.0,0.5,0.0745,-0.1,-31.7,59.2,10.3,20.3
1.33,300.0,75.0,32.0,20.0,0.5,0.0745,-9.0,-72.4,66.9,43.5,35.7
1.31,320.0,85.0,24.0,20.0,0.5,0.0745,-6.8,-57.4,54.1,49.6,28.6
1.42,260.0,75.0,24.0,30.0,0.5,0.0745,-4.2,-65.9,58.7,49.6,19.6
1.31,260.0,85.0,24.0,30.0,0.5,0.0745,-3.1,-59.7,67.9,54.2,20.7
1.28,290.0,85.0,28.0,30.0,0.5,0.0744,-6.1,-68.0,62.9,50.3,31.6
1.32,310.0,85.0,28.0,20.0,0.5,0.0744,-7.5,-73.2,66.9,49.0,31.7
1.32,300.0,75.0,32.0,20.0,0.5,0.0744,-9.2,-72.6,68.5,46.1,31.7
1.34,310.0,75.0,24.0,30.0,0.5,0.0744,-5.4,-66.4,54.6,51.5,26.4
1.39,290.0,75.0,28.0,20.0,0.5,0.0744,-7.9,-69.1,72.9,47.1,25.0
1.43,240.0,75.0,28.0,30.0,0.5,0.0744,-3.2,-68.4,52.3,39.3,23.1
1.43,310.0,75.0,24.0,30.0,0.5,0.0744,-6.8,-65.0,61.4,48.1,24.9
1.48,280.0,75.0,28.0,30.0,0.5,0.0743,-7.3,-68.0,67.1,44.8,27.0
1.32,300.0,85.0,24.0,20.0,0.5,0.0743,-5.3,-70.8,62.1,49.5,26.1
1.49,310.0,75.0,28.0,30.0,0.5,0.0742,-9.2,-67.8,70.9,42.0,31.1
1.33,240.0,75.0,32.0,30.0,0.5,0.0742,-3.3,-68.0,55.0,33.2,27.3
1.37,270.0,75.0,28.0,30.0,0.5,0.0742,-5.6,-64.6,63.1,48.8,26.7
1.28,290.0,85.0,24.0,30.0,0.5,0.0742,-4.4,-64.9,62.4,51.1,27.2
1.46,280.0,75.0,24.0,30.0,0.5,0.0742,-5.4,-65.7,61.1,47.7,22.8
1.33,260.0,75.0,28.0,20.0,0.5,0.0742,-5.1,-71.3,68.7,52.4,21.7
1.46,290.0,75.0,28.0,10.0,0.5,0.0742,-8.8,-76.5,69.1,44.4,24.5
1.46,290.0,75.0,28.0,30.0,0.5,0.0741,-7.5,-67.9,67.4,45.8,29.7
1.26,250.0,75.0,32.0,20.0,0.5,0.0741,-3.7,-72.2,66.6,45.3,25.6
1.36,270.0,75.0,28.0,30.0,0.5,0.0741,-5.9,-64.2,64.7,50.4,26.0
1.31,270.0,85.0,32.0,10.0,0.5,0.0741,0.2,-22.2,63.7,9.1,20.2
1.39,290.0,75.0,24.0,30.0,0.5,0.074,-5.3,-64.7,56.6,49.8,22.9
1.32,310.0,75.0,24.0,30.0,0.5,0.074,-5.5,-63.7,54.0,52.2,25.9
1.41,270.0,75.0,32.0,10.0,0.5,0.074,1.0,-34.8,50.7,8.6,19.4
1.47,280.0,75.0,24.0,30.0,0.5,0.074,-5.6,-66.4,62.6,46.3,22.9
1.31,270.0,75.0,32.0,30.0,0.5,0.074,-5.0,-67.3,60.0,38.2,33.6
1.41,280.0,75.0,24.0,30.0,0.5,0.074,-5.1,-65.8,57.0,48.6,22.0
1.28,310.0,85.0,28.0,20.0,0.5,0.0739,-7.1,-68.5,65.2,50.5,31.7
1.33,240.0,75.0,32.0,20.0,0.5,0.0739,0.1,-51.2,54.7,25.3,14.5
1.42,290.0,75.0,32.0,10.0,0.5,0.0739,-10.1,-76.1,70.6,43.3,28.9
1.31,300.0,85.0,28.0,20.0,0.5,0.0739,-6.6,-71.8,66.4,50.4,30.8
1.47,290.0,75.0,24.0,20.0,0.5,0.0739,-6.5,-71.6,68.8,44.9,23.8
1.48,290.0,75.0,28.0,30.0,0.5,0.0739,-7.9,-67.6,69.1,44.7,29.1
1.26,300.0,85.0,32.0,0.0,0.5,0.0739,-3.1,-28.4,65.6,5.7,19.0
1.47,280.0,75.0,28.0,30.0,0.5,0.0739,-7.2,-67.9,66.9,45.1,27.0
1.47,290.0,75.0,28.0,30.0,0.5,0.0739,-7.8,-67.4,68.9,44.9,28.0
1.31,280.0,85.0,28.0,30.0,0.5,0.0738,-5.2,-65.0,63.7,50.3,29.0
1.34,290.0,75.0,28.0,20.0,0.5,0.0738,-7.5,-69.8,73.3,49.6,24.3
1.38,270.0,75.0,28.0,30.0,0.5,0.0738,-6.2,-65.5,62.7,48.5,26.4
1.46,300.0,75.0,32.0,10.0,0.5,0.0738,-11.2,-76.2,69.7,38.9,30.5
1.34,270.0,75.0,28.0,20.0,0.5,0.0738,-4.2,-70.3,66.3,49.5,24.4
1.29,300.0,75.0,24.0,30.0,0.5,0.0738,-4.6,-63.5,48.7,52.8,24.4
1.38,270.0,75.0,32.0,30.0,0.5,0.0738,-7.8,-67.6,63.3,43.2,32.4
1.31,300.0,85.0,32.0,10.0,0.5,0.0738,-6.8,-77.7,68.1,37.3,35.0
1.32,300.0,85.0,24.0,30.0,0.5,0.0738,-5.4,-62.4,60.2,53.4,28.1
1.32,270.0,85.0,24.0,40.0,0.5,0.0738,-3.2,-61.4,53.2,53.1,23.0
1.37,280.0,75.0,28.0,20.0,0.5,0.0738,-6.9,-70.4,69.4,48.6,25.9
1.46,340.0,75.0,32.0,20.0,0.5,0.0738,-11.4,-73.3,62.7,30.8,39.2
1.39,300.0,75.0,24.0,30.0,0.5,0.0737,-5.1,-63.1,61.5,51.5,24.9
1.27,260.0,75.0,32.0,20.0,0.5,0.0737,-3.5,-68.6,67.6,44.0,25.5
1.42,310.0,75.0,24.0,30.0,0.5,0.0737,-6.9,-64.8,59.6,48.7,24.9
1.31,290.0,85.0,24.0,20.0,0.5,0.0737,-4.9,-70.9,65.2,50.2,25.4
1.49,270.0,75.0,20.0,20.0,0.5,0.0736,-3.4,-52.3,67.1,45.1,18.1
1.29,260.0,85.0,24.0,40.0,0.5,0.0736,-2.6,-61.3,48.7,52.0,21.6
1.46,310.0,75.0,32.0,20.0,0.5,0.0736,-11.0,-72.6,66.6,34.9,34.9
1.43,290.0,75.0,28.0,30.0,0.5,0.0736,-7.6,-67.7,68.4,46.7,27.2
1.46,300.0,75.0,20.0,40.0,0.5,0.0736,-4.6,-63.1,55.2,46.4,22.2
1.49,290.0,75.0,24.0,30.0,0.5,0.0736,-6.7,-66.4,67.3,45.7,24.0
1.41,310.0,75.0,24.0,30.0,0.5,0.0736,-6.9,-64.9,60.1,49.3,25.1
1.28,270.0,85.0,32.0,10.0,0.5,0.0736,0.0,-21.5,61.0,9.5,20.4
1.28,260.0,75.0,32.0,30.0,0.5,0.0735,-5.1,-68.1,61.5,40.4,33.4
1.31,270.0,85.0,24.0,40.0,0.5,0.0735,-3.0,-61.3,51.3,52.3,22.5
1.28,320.0,85.0,24.0,20.0,0.5,0.0735,-5.7,-66.8,50.5,49.1,28.0
1.44,280.0,75.0,24.0,20.0,0.5,0.0735,-5.3,-65.0,70.2,45.5,22.1
1.26,250.0,75.0,32.0,30.0,0.5,0.0735,-4.2,-67.9,57.0,36.7,32.4
1.49,290.0,75.0,24.0,10.0,0.5,0.0735,-6.0,-73.0,67.4,45.2,22.3
1.29,320.0,85.0,32.0,20.0,0.5,0.0735,-9.4,-73.0,69.2,44.7,36.0
1.31,250.0,75.0,32.0,20.0,0.5,0.0735,-1.7,-68.7,61.7,34.9,24.0
1.49,300.0,75.0,28.0,10.0,0.5,0.0735,-9.9,-77.5,68.4,41.6,26.1
1.41,240.0,75.0,28.0,30.0,0.5,0.0734,-3.9,-63.5,59.4,45.3,23.5
1.41,260.0,75.0,24.0,30.0,0.5,0.0734,-4.5,-65.9,59.1,50.0,19.6
1.31,310.0,85.0,28.0,20.0,0.5,0.0734,-7.8,-70.4,67.2,49.5,30.9
1.36,290.0,75.0,28.0,20.0,0.5,0.0734,-7.4,-68.4,73.9,48.3,24.6
1.31,300.0,85.0,24.0,20.0,0.5,0.0733,-5.6,-70.6,62.7,49.2,25.8
1.42,300.0,75.0,28.0,20.0,0.5,0.0733,-9.4,-70.1,72.4,47.0,26.4
1.26,270.0,85.0,32.0,10.0,0.5,0.0733,-0.3,-34.3,58.2,11.1,20.4
1.39,250.0,75.0,28.0,30.0,0.5,0.0733,-4.6,-63.2,61.2,48.2,23.8
1.46,290.0,75.0,24.0,20.0,0.5,0.0733,-6.6,-67.7,70.2,45.6,23.4
1.44,270.0,75.0,24.0,40.0,0.5,0.0733,-4.3,-61.8,55.0,48.6,21.3
1.36,300.0,75.0,32.0,20.0,0.5,0.0733,-9.9,-72.6,66.8,42.0,33.0
1.41,290.0,75.0,24.0,30.0,0.5,0.0733,-5.5,-64.8,57.0,49.2,23.0
1.28,310.0,85.0,24.0,20.0,0.5,0.0732,-5.6,-68.2,53.8,49.5,27.3
1.37,290.0,75.0,32.0,20.0,0.5,0.0732,-9.0,-72.8,66.7,43.1,33.0
1.38,290.0,75.0,28.0,20.0,0.5,0.0732,-8.3,-68.6,73.9,47.8,24.8
1.28,270.0,75.0,32.0,20.0,0.5,0.0732,-5.3,-72.4,68.5,43.0,30.7
1.37,290.0,75.0,24.0,30.0,0.5,0.0732,-5.6,-65.7,55.3,50.6,23.2
1.28,330.0,85.0,28.0,20.0,0.5,0.0731,-8.6,-72.8,67.8,48.8,32.1
1.49,280.0,75.0,20.0,20.0,0.5,0.0731,-4.1,-50.8,64.1,42.3,19.7
1.29,280.0,85.0,24.0,30.0,0.5,0.073,-4.0,-65.8,63.4,52.5,24.6
1.44,280.0,75.0,28.0,10.0,0.5,0.073,-7.1,-77.1,69.6,45.6,22.6
1.37,290.0,75.0,28.0,20.0,0.5,0.073,-8.0,-69.8,74.7,48.7,24.7
1.44,310.0,75.0,32.0,20.0,0.5,0.073,-11.1,-72.5,66.2,35.5,34.7
1.26,290.0,75.0,32.0,10.0,0.5,0.0729,-2.8,-35.4,64.4,17.7,17.0
1.43,290.0,75.0,20.0,40.0,0.5,0.0729,-4.1,-53.7,53.0,47.0,20.9
1.32,290.0,85.0,32.0,0.0,0.5,0.0729,-2.3,-22.8,62.6,3.1,18.4
1.29,330.0,85.0,24.0,20.0,0.5,0.0729,-6.6,-69.2,52.1,50.4,29.1
1.44,300.0,75.0,20.0,40.0,0.5,0.0728,-4.2,-63.2,53.7,46.7,22.0
1.29,290.0,85.0,24.0,30.0,0.5,0.0728,-4.1,-61.7,63.0,52.1,26.4
1.49,260.0,75.0,24.0,40.0,0.5,0.0728,-4.2,-61.4,52.3,50.2,20.3
1.42,280.0,75.0,24.0,30.0,0.5,0.0727,-5.6,-66.1,59.0,48.6,22.3
1.44,260.0,75.0,24.0,40.0,0.5,0.0727,-4.0,-62.0,52.7,50.0,19.8
1.39,270.0,75.0,24.0,30.0,0.5,0.0727,-5.1,-66.2,58.8,50.8,20.6
1.33,290.0,75.0,28.0,20.0,0.5,0.0727,-7.3,-67.1,71.2,49.1,24.1
1.41,310.0,75.0,32.0,20.0,0.5,0.0726,-11.1,-72.8,68.6,39.1,33.7
1.43,280.0,75.0,24.0,30.0,0.5,0.0726,-5.8,-65.9,60.7,48.4,22.6
1.42,290.0,75.0,24.0,30.0,0.5,0.0725,-6.1,-65.4,58.4,48.1,23.1
1.29,260.0,85.0,24.0,20.0,0.5,0.0725,-2.2,-65.1,61.7,53.3,19.1
1.27,270.0,85.0,28.0,30.0,0.5,0.0725,-4.5,-65.3,66.6,53.3,25.9
1.26,300.0,85.0,28.0,20.0,0.5,0.0725,-6.6,-68.4,68.9,50.9,30.4
1.31,300.0,75.0,32.0,20.0,0.5,0.0725,-9.1,-73.2,67.5,46.6,31.0
1.41,290.0,75.0,28.0,30.0,0.5,0.0724,-7.4,-67.8,63.8,46.6,31.3
1.43,300.0,75.0,28.0,20.0,0.5,0.0724,-9.5,-70.2,71.7,45.8,26.7
1.31,290.0,85.0,32.0,0.0,0.5,0.0724,-2.1,-23.1,61.6,3.4,18.4
1.26,310.0,85.0,32.0,20.0,0.5,0.0724,-8.5,-72.8,66.4,40.8,38.5
1.41,280.0,75.0,20.0,40.0,0.5,0.0724,-3.4,-62.8,49.9,48.8,19.9
1.49,300.0,75.0,24.0,40.0,0.5,0.0724,-5.4,-62.8,57.4,47.7,26.2
1.29,270.0,85.0,32.0,10.0,0.5,0.0724,-0.1,-33.7,60.4,9.7,20.5
1.31,290.0,75.0,32.0,20.0,0.5,0.0723,-8.2,-72.9,67.4,45.9,32.0
1.33,270.0,75.0,28.0,30.0,0.5,0.0723,-5.1,-64.5,62.6,51.5,26.5
1.47,310.0,75.0,28.0,20.0,0.5,0.0723,-10.1,-70.4,70.0,42.7,29.1
1.29,280.0,85.0,24.0,20.0,0.5,0.0723,-4.2,-65.7,69.2,51.6,23.6
1.46,250.0,75.0,24.0,20.0,0.5,0.0723,-3.0,-63.4,63.1,49.2,18.1
1.29,290.0,85.0,32.0,0.0,0.5,0.0722,-2.3,-23.0,62.1,3.5,18.0
1.32,270.0,85.0,32.0,10.0,0.5,0.0722,0.0,-34.7,63.2,9.5,20.6
1.37,300.0,75.0,32.0,0.0,0.5,0.0722,-2.6,-28.2,61.9,3.3,15.9
1.32,260.0,75.0,28.0,20.0,0.5,0.0722,-5.0,-70.5,67.4,51.8,22.2
1.39,270.0,75.0,32.0,10.0,0.5,0.0722,0.9,-35.3,59.0,8.0,18.4
1.28,290.0,85.0,32.0,0.0,0.5,0.0721,-2.0,-23.1,61.5,3.7,18.4
1.48,290.0,75.0,24.0,10.0,0.5,0.0721,-5.7,-71.8,67.4,45.9,22.2
1.39,280.0,75.0,24.0,30.0,0.5,0.0721,-5.1,-65.8,56.9,49.7,21.6
1.28,260.0,85.0,24.0,20.0,0.5,0.0721,-2.5,-65.4,60.9,54.1,19.0
1.31,260.0,75.0,28.0,20.0,0.5,0.0721,-4.7,-69.9,67.0,51.0,22.3
1.48,290.0,75.0,24.0,30.0,0.5,0.0721,-6.6,-66.3,66.8,45.6,23.8
1.32,270.0,85.0,24.0,30.0,0.5,0.0721,-3.9,-65.7,62.9,52.5,22.9
1.38,290.0,75.0,24.0,30.0,0.5,0.0721,-5.7,-64.9,55.8,50.5,22.7
1.28,300.0,85.0,32.0,0.0,0.5,0.072,-2.9,-30.4,64.1,9.1,19.4
1.44,310.0,75.0,28.0,30.0,0.5,0.072,-9.0,-67.6,71.6,44.2,30.2
1.41,300.0,75.0,20.0,40.0,0.5,0.072,-4.1,-62.9,52.2,47.5,22.5
1.28,280.0,75.0,32.0,40.0,0.5,0.072,-6.1,-63.1,59.2,38.9,35.6
1.42,300.0,75.0,24.0,30.0,0.5,0.072,-6.5,-66.1,62.0,48.3,24.7
1.42,300.0,75.0,28.0,30.0,0.5,0.0719,-8.3,-68.0,68.5,45.4,28.9
1.44,280.0,75.0,24.0,30.0,0.5,0.0719,-5.7,-66.4,61.2,47.2,22.7
1.28,260.0,85.0,24.0,40.0,0.5,0.0719,-3.0,-61.4,50.6,51.6,21.3
1.48,270.0,75.0,20.0,20.0,0.5,0.0719,-3.6,-52.7,68.0,45.9,18.0
1.31,320.0,85.0,32.0,30.0,0.5,0.0718,-8.9,-67.7,61.9,36.9,40.4
1.49,240.0,75.0,28.0,40.0,0.5,0.0718,-5.4,-60.4,58.3,46.1,22.9
1.32,290.0,75.0,24.0,30.0,0.5,0.0718,-4.9,-63.4,52.5,52.6,23.0
1.32,260.0,85.0,28.0,40.0,0.5,0.0718,-4.2,-60.5,57.0,53.6,24.6
1.49,290.0,75.0,20.0,20.0,0.5,0.0717,-4.9,-50.4,64.2,41.3,21.4
1.34,290.0,75.0,28.0,30.0,0.5,0.0717,-6.4,-65.5,63.1,50.6,28.2
1.27,320.0,85.0,28.0,30.0,0.5,0.0717,-7.5,-67.7,60.3,49.4,33.6
1.27,290.0,85.0,32.0,30.0,0.5,0.0717,-7.3,-67.3,65.2,43.5,38.1
1.38,300.0,75.0,24.0,30.0,0.5,0.0717,-5.4,-63.6,61.2,51.9,24.8
1.39,280.0,75.0,20.0,40.0,0.5,0.0716,-3.0,-62.7,49.7,49.0,20.1
1.46,310.0,75.0,32.0,10.0,0.5,0.0716,-12.2,-75.8,70.5,38.8,30.7
1.43,310.0,75.0,32.0,20.0,0.5,0.0716,-11.4,-72.9,69.6,39.5,33.0
1.49,270.0,75.0,24.0,40.0,0.5,0.0716,-4.2,-61.4,54.8,48.8,21.1
1.42,260.0,75.0,24.0,40.0,0.5,0.0716,-4.0,-62.1,54.3,51.1,19.1
1.43,280.0,75.0,24.0,20.0,0.5,0.0715,-5.4,-65.3,69.5,46.0,22.0
1.46,310.0,75.0,28.0,20.0,0.5,0.0715,-10.1,-70.6,70.2,43.3,29.1
1.43,270.0,75.0,24.0,20.0,0.5,0.0715,-5.0,-64.9,63.8,48.0,20.2
1.47,300.0,75.0,20.0,40.0,0.5,0.0715,-4.5,-60.2,55.1,45.8,21.9
1.44,290.0,75.0,28.0,10.0,0.5,0.0715,-8.6,-76.9,69.3,44.2,24.4
1.27,330.0,85.0,24.0,20.0,0.5,0.0715,-6.8,-68.8,49.8,49.2,29.2
1.47,330.0,75.0,32.0,20.0,0.5,0.0715,-11.4,-72.9,64.0,31.2,39.5
1.48,280.0,75.0,20.0,20.0,0.5,0.0715,-4.3,-51.0,64.6,43.4,19.6
1.37,240.0,75.0,32.0,30.0,0.5,0.0715,-4.3,-67.4,56.7,34.1,29.3
1.49,300.0,75.0,28.0,0.0,0.5,0.0715,-1.4,-42.3,63.5,10.7,17.7
1.48,300.0,75.0,20.0,40.0,0.5,0.0714,-4.4,-59.3,55.5,45.8,21.8
1.27,310.0,85.0,28.0,20.0,0.5,0.0714,-7.8,-70.9,66.5,50.9,32.6
1.44,300.0,75.0,32.0,0.0,0.5,0.0714,-2.3,-41.7,61.9,4.2,17.7
1.28,260.0,75.0,32.0,10.0,0.5,0.0714,0.1,-59.3,56.0,17.1,17.1
1.44,290.0,75.0,24.0,20.0,0.5,0.0713,-6.6,-68.2,70.3,44.4,23.3
1.43,270.0,75.0,24.0,40.0,0.5,0.0713,-4.7,-62.1,55.0,49.7,21.2
1.47,270.0,75.0,24.0,40.0,0.5,0.0713,-4.5,-61.8,54.1,48.1,21.7
1.29,300.0,85.0,32.0,10.0,0.5,0.0713,-9.0,-76.5,70.8,45.9,31.7
1.48,300.0,75.0,28.0,10.0,0.5,0.0713,-10.1,-77.4,69.0,43.0,26.1
1.42,270.0,75.0,24.0,20.0,0.5,0.0712,-5.1,-66.2,63.0,47.5,20.7
1.28,300.0,75.0,24.0,30.0,0.5,0.0712,-4.6,-62.7,48.8,52.2,23.8
1.49,300.0,75.0,24.0,20.0,0.5,0.0712,-7.9,-71.5,68.5,43.1,24.7
1.46,290.0,75.0,24.0,30.0,0.5,0.0712,-6.1,-66.6,64.7,46.3,23.7
1.38,280.0,75.0,24.0,30.0,0.5,0.0712,-5.3,-66.5,58.8,49.5,21.4
1.38,300.0,75.0,32.0,0.0,0.5,0.0712,-2.5,-41.5,62.2,6.6,17.3
1.46,260.0,75.0,24.0,40.0,0.5,0.0712,-4.1,-61.5,51.8,50.3,20.2
1.27,260.0,75.0,28.0,20.0,0.5,0.0711,-2.6,-70.1,67.4,49.8,22.9
1.28,320.0,85.0,32.0,20.0,0.5,0.0711,-9.8,-72.8,69.6,44.4,38.6
1.47,260.0,75.0,24.0,40.0,0.5,0.0711,-4.2,-61.8,52.2,50.0,19.5
1.44,260.0,75.0,24.0,20.0,0.5,0.0711,-4.2,-71.1,62.6,48.6,19.6
1.43,290.0,75.0,24.0,30.0,0.5,0.071,-6.3,-66.4,61.1,47.8,23.4
1.48,240.0,75.0,28.0,40.0,0.5,0.071,-5.1,-59.5,57.1,46.3,22.1
1.39,290.0,75.0,32.0,0.0,0.5,0.071,-1.7,-23.1,58.6,3.0,16.0
1.32,290.0,85.0,28.0,10.0,0.5,0.071,-6.0,-76.4,71.6,47.6,25.6
1.44,250.0,75.0,32.0,40.0,0.5,0.071,-6.4,-63.3,60.2,42.6,32.8
1.34,270.0,75.0,32.0,30.0,0.5,0.071,-6.2,-66.7,60.2,41.2,33.8
1.32,300.0,85.0,28.0,20.0,0.5,0.071,-6.6,-68.2,65.6,49.3,32.2
1.32,270.0,75.0,28.0,20.0,0.5,0.0709,-4.3,-70.6,68.2,50.0,25.5
1.38,270.0,75.0,24.0,30.0,0.5,0.0709,-5.0,-65.9,59.6,50.4,20.5
1.31,270.0,85.0,24.0,30.0,0.5,0.0709,-4.0,-65.8,61.8,52.1,22.8
1.49,270.0,75.0,20.0,30.0,0.5,0.0709,-4.0,-47.6,56.8,45.3,19.0
1.28,270.0,75.0,32.0,10.0,0.5,0.0709,-0.6,-47.4,60.2,11.6,18.2
1.37,320.0,75.0,24.0,30.0,0.5,0.0709,-6.9,-67.4,59.7,49.8,27.7
1.29,290.0,85.0,24.0,20.0,0.5,0.0709,-4.6,-71.3,67.0,50.4,25.1
1.34,280.0,75.0,28.0,40.0,0.5,0.0709,-5.0,-62.5,58.0,47.9,27.6
1.47,290.0,75.0,24.0,30.0,0.5,0.0709,-6.3,-66.5,65.3,45.8,23.6
1.43,260.0,75.0,24.0,20.0,0.5,0.0709,-4.2,-71.0,63.1,49.0,19.6
1.43,260.0,75.0,24.0,40.0,0.5,0.0709,-3.9,-62.0,52.4,50.6,19.4
1.47,270.0,75.0,20.0,20.0,0.5,0.0708,-3.3,-52.9,67.0,46.0,18.0
1.34,240.0,75.0,32.0,20.0,0.5,0.0708,-0.2,-67.6,54.3,24.8,20.9
1.47,290.0,75.0,24.0,10.0,0.5,0.0708,-5.7,-71.8,67.4,45.3,22.2
1.27,290.0,85.0,32.0,0.0,0.5,0.0708,-2.2,-23.2,61.6,4.3,18.2
1.49,280.0,75.0,24.0,40.0,0.5,0.0708,-4.8,-62.0,55.9,49.7,23.0
1.26,280.0,85.0,28.0,30.0,0.5,0.0708,-5.1,-64.2,66.4,52.5,28.0
1.32,280.0,75.0,28.0,20.0,0.5,0.0708,-5.0,-67.9,67.8,50.5,26.3
1.46,310.0,75.0,28.0,30.0,0.5,0.0707,-9.0,-67.9,72.0,44.0,30.2
1.29,310.0,85.0,24.0,20.0,0.5,0.0707,-5.6,-68.9,54.8,50.4,26.9
1.38,280.0,75.0,28.0,30.0,0.5,0.0707,-6.5,-63.9,62.7,49.9,28.4
1.44,290.0,75.0,24.0,30.0,0.5,0.0707,-6.0,-66.5,63.2,46.1,23.5
1.27,290.0,85.0,24.0,30.0,0.5,0.0707,-4.8,-64.7,62.7,52.2,27.1
1.28,280.0,85.0,24.0,30.0,0.5,0.0706,-4.0,-65.9,63.2,52.3,24.4
1.29,260.0,85.0,24.0,30.0,0.5,0.0706,-3.2,-59.8,68.2,54.4,20.1
1.44,310.0,75.0,24.0,30.0,0.5,0.0706,-6.9,-66.8,63.3,47.5,25.7
1.26,290.0,85.0,32.0,10.0,0.5,0.0706,-5.2,-74.9,70.3,34.4,25.5
1.32,290.0,75.0,28.0,20.0,0.5,0.0706,-7.3,-68.5,69.6,50.0,24.1
1.39,290.0,75.0,32.0,10.0,0.5,0.0706,-8.9,-76.2,70.6,42.9,27.5
1.39,300.0,75.0,20.0,40.0,0.5,0.0706,-3.7,-63.1,50.2,48.6,22.0
1.31,290.0,75.0,28.0,20.0,0.5,0.0705,-6.8,-67.5,68.8,50.7,24.1
1.42,280.0,75.0,24.0,20.0,0.5,0.0705,-5.4,-65.3,68.2,46.0,21.9
1.29,300.0,85.0,24.0,20.0,0.5,0.0705,-5.2,-71.6,63.0,50.8,25.4
1.42,310.0,75.0,32.0,20.0,0.5,0.0705,-11.0,-72.6,68.7,38.4,33.1
1.38,290.0,75.0,32.0,0.0,0.5,0.0705,-1.8,-23.1,59.2,2.9,16.0
1.44,310.0,75.0,28.0,20.0,0.5,0.0705,-9.7,-69.1,71.1,44.9,28.0
1.43,300.0,75.0,20.0,40.0,0.5,0.0705,-4.4,-63.1,54.1,47.1,21.9
1.41,300.0,75.0,28.0,20.0,0.5,0.0704,-9.4,-69.1,72.4,46.2,26.2
1.49,290.0,75.0,24.0,40.0,0.5,0.0704,-5.1,-61.6,56.9,49.2,24.0
1.39,310.0,75.0,28.0,20.0,0.5,0.0704,-8.8,-68.7,71.2,48.4,27.2
1.27,280.0,75.0,32.0,40.0,0.5,0.0703,-6.6,-63.3,61.7,43.1,35.0
1.28,320.0,85.0,28.0,30.0,0.5,0.0703,-7.2,-67.9,59.3,49.3,33.7
1.46,270.0,75.0,20.0,20.0,0.5,0.0703,-3.7,-53.2,68.2,47.2,17.7
1.37,280.0,75.0,24.0,30.0,0.5,0.0703,-4.8,-66.6,57.8,49.7,22.0
1.46,270.0,75.0,24.0,40.0,0.5,0.0703,-4.2,-61.5,54.5,49.6,21.0
1.39,290.0,75.0,20.0,40.0,0.5,0.0703,-3.3,-62.7,51.0,49.1,20.9
1.29,330.0,85.0,28.0,20.0,0.5,0.0702,-8.5,-68.5,69.3,49.5,31.5
1.47,280.0,75.0,20.0,20.0,0.5,0.0702,-4.2,-51.3,66.0,43.6,19.5
1.49,300.0,75.0,20.0,40.0,0.5,0.0702,-4.6,-60.7,55.3,45.4,22.0
1.26,270.0,75.0,32.0,20.0,0.5,0.0702,-3.7,-72.8,67.8,43.9,27.0
1.31,310.0,85.0,24.0,20.0,0.5,0.0702,-6.4,-68.6,59.9,48.9,27.0
1.29,290.0,85.0,28.0,30.0,0.5,0.0701,-5.6,-64.4,61.3,50.4,32.0
1.33,310.0,75.0,28.0,30.0,0.5,0.0701,-7.0,-68.1,62.6,47.8,31.5
1.28,270.0,85.0,24.0,30.0,0.5,0.0701,-3.9,-65.4,65.0,52.8,22.2
1.29,300.0,85.0,32.0,0.0,0.5,0.0701,-3.2,-30.5,64.5,11.7,19.8
1.27,330.0,85.0,28.0,20.0,0.5,0.0701,-8.7,-73.3,68.5,48.9,31.6
1.33,310.0,75.0,28.0,20.0,0.5,0.0701,-8.0,-68.0,68.8,49.6,26.1
1.38,250.0,75.0,28.0,30.0,0.5,0.07,-3.6,-64.4,61.8,46.7,24.1
1.48,270.0,75.0,24.0,40.0,0.5,0.07,-4.6,-61.4,54.3,49.3,21.0
1.28,290.0,75.0,32.0,30.0,0.5,0.07,-7.2,-67.5,64.6,45.3,34.5
1.47,250.0,75.0,32.0,40.0,0.5,0.07,-6.0,-63.0,57.2,39.3,34.2
1.27,260.0,85.0,24.0,40.0,0.5,0.07,-3.0,-60.8,50.1,52.3,21.3
1.28,280.0,85.0,24.0,20.0,0.5,0.0699,-4.2,-65.9,67.3,50.4,23.5
1.48,300.0,75.0,24.0,20.0,0.5,0.0699,-7.6,-71.8,68.8,43.4,24.4
1.29,270.0,85.0,24.0,30.0,0.5,0.0699,-3.9,-65.3,63.8,53.2,22.8
1.41,280.0,75.0,24.0,20.0,0.5,0.0699,-5.2,-64.9,68.2,47.0,21.6
1.49,280.0,75.0,20.0,30.0,0.5,0.0698,-4.4,-47.0,60.9,43.5,20.3
1.34,300.0,75.0,28.0,30.0,0.5,0.0698,-7.1,-68.1,63.6,49.7,29.8
1.31,290.0,85.0,28.0,30.0,0.5,0.0698,-6.3,-64.1,64.5,50.7,32.1
1.27,270.0,85.0,28.0,40.0,0.5,0.0698,-4.1,-62.3,59.5,53.7,28.1
1.48,260.0,75.0,24.0,40.0,0.5,0.0698,-4.3,-61.9,52.2,50.4,21.1
1.27,320.0,85.0,24.0,20.0,0.5,0.0698,-5.8,-66.6,50.8,48.9,27.9
1.29,280.0,75.0,32.0,30.0,0.5,0.0698,-5.7,-66.7,60.7,40.8,35.7
1.46,270.0,75.0,28.0,10.0,0.5,0.0698,-4.7,-74.2,68.0,46.5,20.3
1.47,300.0,75.0,28.0,10.0,0.5,0.0698,-9.6,-77.6,68.3,43.8,28.0
1.36,280.0,75.0,28.0,30.0,0.5,0.0698,-6.1,-65.0,61.7,48.7,28.4
1.41,270.0,75.0,24.0,20.0,0.5,0.0697,-4.7,-66.3,63.6,48.6,20.5
1.26,270.0,85.0,28.0,40.0,0.5,0.0697,-4.2,-60.9,59.9,51.9,28.2
1.34,310.0,75.0,28.0,20.0,0.5,0.0697,-8.1,-69.5,68.9,49.6,26.3
1.46,300.0,75.0,24.0,20.0,0.5,0.0697,-7.4,-71.8,68.8,43.6,24.2
1.44,300.0,75.0,32.0,10.0,0.5,0.0697,-11.3,-77.2,70.7,40.7,30.2
1.43,290.0,75.0,24.0,20.0,0.5,0.0697,-6.7,-65.2,71.2,45.2,23.2
1.49,350.0,75.0,32.0,20.0,0.5,0.0696,-11.5,-73.6,61.0,30.1,38.1
1.26,260.0,75.0,32.0,20.0,0.5,0.0696,-2.8,-73.2,63.5,36.5,29.1
1.32,290.0,85.0,20.0,20.0,0.5,0.0696,-3.8,-51.8,66.6,47.7,22.2
1.36,250.0,75.0,28.0,30.0,0.5,0.0696,-4.1,-64.4,60.6,49.3,25.0
1.46,280.0,75.0,20.0,20.0,0.5,0.0696,-4.0,-51.4,67.8,44.4,19.9
1.26,290.0,85.0,32.0,0.0,0.5,0.0696,-2.0,-23.1,60.9,4.6,18.1
1.28,260.0,85.0,24.0,30.0,0.5,0.0696,-3.2,-59.4,67.1,54.4,20.0
1.36,280.0,75.0,24.0,30.0,0.5,0.0696,-5.1,-66.5,57.4,50.6,21.9
1.42,310.0,75.0,28.0,30.0,0.5,0.0696,-9.0,-67.5,72.0,44.7,29.8
1.26,300.0,85.0,32.0,20.0,0.5,0.0695,-8.2,-72.6,67.6,45.8,34.2
1.27,280.0,85.0,28.0,30.0,0.5,0.0695,-5.4,-64.6,65.8,52.0,27.6
1.33,290.0,75.0,32.0,0.0,0.5,0.0695,-1.9,-23.4,60.1,3.0,15.3
1.43,310.0,75.0,28.0,30.0,0.5,0.0695,-9.2,-67.7,72.7,44.2,29.6
1.43,250.0,75.0,32.0,40.0,0.5,0.0695,-6.0,-62.4,59.0,42.0,34.2
1.38,280.0,75.0,20.0,40.0,0.5,0.0695,-3.3,-62.7,50.7,49.3,20.9
1.48,270.0,75.0,20.0,30.0,0.5,0.0695,-3.9,-57.0,57.4,45.4,18.9
1.48,290.0,75.0,20.0,20.0,0.5,0.0695,-5.0,-49.9,65.3,42.4,21.2
1.26,330.0,85.0,28.0,20.0,0.5,0.0694,-8.7,-72.4,67.4,49.9,31.3
1.27,290.0,85.0,28.0,30.0,0.5,0.0694,-6.3,-68.1,64.6,50.2,31.3
1.36,300.0,75.0,24.0,30.0,0.5,0.0694,-5.2,-64.1,59.5,51.3,25.0
1.31,270.0,75.0,28.0,20.0,0.5,0.0694,-5.2,-71.5,67.4,51.4,23.0
1.37,270.0,75.0,24.0,30.0,0.5,0.0694,-4.5,-65.7,58.6,50.6,20.6
1.49,340.0,75.0,32.0,20.0,0.5,0.0694,-11.8,-73.3,62.2,28.5,38.9
1.29,270.0,75.0,32.0,30.0,0.5,0.0693,-5.8,-67.2,62.1,41.8,34.1
1.37,300.0,75.0,24.0,30.0,0.5,0.0693,-5.3,-64.1,60.2,52.2,24.6
1.29,270.0,85.0,24.0,40.0,0.5,0.0693,-3.2,-61.6,52.0,53.5,22.0
1.49,300.0,75.0,24.0,30.0,0.5,0.0692,-7.4,-66.4,69.0,44.7,24.6
1.31,290.0,75.0,24.0,30.0,0.5,0.0692,-5.0,-63.4,52.0,52.3,22.9
1.37,280.0,75.0,28.0,30.0,0.5,0.0692,-6.5,-67.7,62.5,49.4,29.2
1.26,280.0,75.0,32.0,40.0,0.5,0.0691,-6.2,-63.0,61.8,42.9,33.1
1.27,310.0,85.0,24.0,20.0,0.5,0.0691,-5.7,-68.0,55.5,49.3,27.0
1.43,290.0,75.0,28.0,10.0,0.5,0.0691,-8.5,-77.1,69.7,45.7,23.7
1.33,270.0,75.0,32.0,10.0,0.5,0.0691,-0.1,-35.2,64.2,9.2,17.5
1.49,240.0,75.0,32.0,40.0,0.5,0.0691,-6.2,-62.0,60.1,41.1,29.3
1.31,290.0,85.0,20.0,20.0,0.5,0.0691,-3.8,-51.7,66.0,47.5,22.1
1.47,300.0,75.0,24.0,20.0,0.5,0.0691,-7.6,-71.8,68.6,43.1,24.4
1.43,290.0,75.0,24.0,10.0,0.5,0.0691,-5.4,-72.3,68.4,44.0,22.4
1.36,290.0,75.0,32.0,0.0,0.5,0.0691,-1.7,-23.6,58.5,3.2,15.9
1.31,290.0,85.0,28.0,10.0,0.5,0.069,-5.3,-76.5,69.6,46.9,25.7
1.33,280.0,75.0,28.0,30.0,0.5,0.069,-6.0,-65.5,63.7,50.0,27.9
1.44,280.0,75.0,20.0,20.0,0.5,0.069,-3.8,-51.4,65.6,44.8,19.3
1.44,290.0,75.0,24.0,10.0,0.5,0.069,-5.4,-71.7,68.1,43.6,23.2
1.37,270.0,75.0,32.0,10.0,0.5,0.069,0.3,-45.8,63.3,9.2,18.7
1.26,270.0,75.0,32.0,10.0,0.5,0.069,-0.7,-36.2,60.1,11.9,17.6
1.34,290.0,75.0,32.0,0.0,0.5,0.069,-1.8,-23.5,59.4,3.3,15.6
1.26,270.0,75.0,32.0,30.0,0.5,0.069,-4.7,-66.4,58.2,40.3,34.5
1.39,280.0,75.0,28.0,40.0,0.5,0.069,-5.3,-63.8,61.1,44.5,29.7
1.34,270.0,75.0,32.0,10.0,0.5,0.069,0.0,-34.0,63.7,8.9,18.0
1.47,310.0,75.0,28.0,30.0,0.5,0.069,-9.2,-67.5,71.7,43.1,30.5
1.43,310.0,75.0,28.0,20.0,0.5,0.0689,-9.9,-70.4,71.8,45.5,28.9
1.46,300.0,75.0,28.0,10.0,0.5,0.0689,-9.4,-77.5,69.1,43.2,25.9
1.32,250.0,75.0,32.0,30.0,0.5,0.0689,-3.2,-67.3,53.6,33.1,30.2
1.44,300.0,75.0,24.0,20.0,0.5,0.0689,-7.2,-71.8,69.2,43.9,24.0
1.49,320.0,75.0,32.0,10.0,0.5,0.0689,-12.7,-75.3,71.2,34.4,30.9
1.48,310.0,75.0,28.0,30.0,0.5,0.0689,-9.6,-67.9,72.7,42.5,30.0
1.42,240.0,75.0,32.0,40.0,0.5,0.0689,-3.5,-63.7,49.8,33.2,32.5
1.34,280.0,75.0,24.0,30.0,0.5,0.0688,-4.9,-66.3,57.2,50.8,21.4
1.31,300.0,85.0,24.0,30.0,0.5,0.0688,-5.3,-62.6,58.3,52.6,28.3
1.31,260.0,85.0,28.0,40.0,0.5,0.0688,-4.0,-60.9,58.0,53.1,25.0
1.44,270.0,75.0,20.0,20.0,0.5,0.0688,-3.3,-53.6,67.8,46.9,17.5
1.47,310.0,75.0,24.0,30.0,0.5,0.0688,-7.3,-66.3,66.4,46.5,26.1
1.42,290.0,75.0,24.0,20.0,0.5,0.0688,-6.5,-65.2,70.9,45.9,23.1
1.34,300.0,75.0,28.0,20.0,0.5,0.0687,-8.0,-69.4,72.8,49.2,25.4
1.48,280.0,75.0,24.0,40.0,0.5,0.0687,-4.8,-61.7,56.2,50.1,23.2
1.34,270.0,75.0,28.0,30.0,0.5,0.0687,-4.9,-63.2,62.1,49.2,25.6
1.44,280.0,75.0,24.0,40.0,0.5,0.0687,-4.5,-62.0,57.0,49.0,22.7
1.47,320.0,75.0,28.0,30.0,0.5,0.0687,-9.5,-67.5,70.7,43.1,31.1
1.39,300.0,75.0,28.0,20.0,0.5,0.0686,-9.0,-69.2,72.9,46.9,25.8
1.29,290.0,85.0,20.0,20.0,0.5,0.0686,-3.8,-43.5,66.7,48.1,22.6
1.49,320.0,75.0,24.0,30.0,0.5,0.0686,-7.5,-67.0,70.0,44.9,25.9
1.32,280.0,85.0,20.0,30.0,0.5,0.0686,-3.4,-59.2,64.1,48.6,22.2
1.46,250.0,75.0,32.0,40.0,0.5,0.0686,-6.3,-62.7,59.4,41.9,33.7
1.28,300.0,85.0,24.0,20.0,0.5,0.0686,-5.6,-71.4,62.7,50.2,25.6
1.26,320.0,85.0,32.0,20.0,0.5,0.0685,-10.0,-73.1,70.0,44.9,34.9
1.42,270.0,75.0,24.0,40.0,0.5,0.0685,-4.5,-61.7,54.0,49.2,21.7
1.41,290.0,75.0,20.0,40.0,0.5,0.0685,-4.0,-53.8,51.5,48.3,20.7
1.29,260.0,75.0,28.0,20.0,0.5,0.0685,-3.7,-70.1,69.0,51.6,21.8
1.36,270.0,75.0,24.0,30.0,0.5,0.0684,-4.6,-66.1,58.8,49.8,20.5
1.37,250.0,75.0,32.0,40.0,0.5,0.0684,-3.8,-63.4,55.5,35.5,33.7
1.27,280.0,85.0,24.0,20.0,0.5,0.0684,-4.2,-66.1,67.7,51.3,23.4
1.32,240.0,75.0,32.0,30.0,0.5,0.0684,-3.5,-67.4,53.1,36.0,30.3
1.48,340.0,75.0,32.0,20.0,0.5,0.0684,-11.9,-73.1,62.3,29.3,38.6
1.39,260.0,75.0,28.0,40.0,0.5,0.0683,-4.7,-63.5,62.2,45.0,27.4
1.39,280.0,75.0,24.0,20.0,0.5,0.0683,-5.0,-65.3,65.8,48.0,21.2
1.46,250.0,75.0,24.0,40.0,0.5,0.0683,-3.1,-61.5,48.7,50.6,17.7
1.29,300.0,85.0,24.0,30.0,0.5,0.0683,-4.6,-66.7,57.4,53.2,27.6
1.32,270.0,75.0,28.0,40.0,0.5,0.0683,-4.7,-61.2,57.9,50.6,25.4
1.47,270.0,75.0,20.0,30.0,0.5,0.0683,-3.5,-56.9,55.4,45.3,18.8
1.47,240.0,75.0,28.0,40.0,0.5,0.0683,-5.3,-60.9,57.5,46.1,22.7
1.33,280.0,75.0,32.0,40.0,0.5,0.0683,-6.1,-62.6,61.5,46.4,32.8
1.44,290.0,75.0,24.0,40.0,0.5,0.0683,-5.1,-61.9,55.7,49.3,24.0
1.49,300.0,75.0,24.0,10.0,0.5,0.0683,-6.9,-72.9,67.2,42.9,23.4
1.28,270.0,85.0,24.0,40.0,0.5,0.0683,-3.8,-61.7,53.0,52.9,22.1
1.49,250.0,75.0,32.0,40.0,0.5,0.0682,-6.5,-62.9,60.5,42.3,31.3
1.34,280.0,75.0,28.0,30.0,0.5,0.0682,-5.9,-65.8,61.7,49.6,28.7
1.49,320.0,75.0,28.0,20.0,0.5,0.0682,-10.7,-72.5,69.7,39.2,30.0
1.33,300.0,75.0,28.0,20.0,0.5,0.0682,-7.9,-69.8,72.5,49.6,25.0
1.41,290.0,75.0,24.0,20.0,0.5,0.0682,-6.3,-71.5,70.8,47.0,23.0
1.46,320.0,75.0,32.0,20.0,0.5,0.0682,-12.1,-72.8,69.4,38.5,35.3
1.29,290.0,85.0,28.0,10.0,0.5,0.0682,-5.6,-72.5,72.1,50.0,24.1
1.36,240.0,75.0,32.0,30.0,0.5,0.0682,-5.3,-67.2,59.3,40.8,29.9
1.38,300.0,75.0,28.0,20.0,0.5,0.0682,-8.5,-68.8,72.5,48.4,25.9
1.26,290.0,85.0,24.0,30.0,0.5,0.0682,-4.9,-63.8,63.4,52.0,26.1
1.39,320.0,75.0,24.0,30.0,0.5,0.0682,-6.8,-66.1,61.4,49.0,25.8
1.49,270.0,75.0,16.0,50.0,0.5,0.0682,-2.0,-60.0,47.8,39.1,17.7
1.26,330.0,85.0,24.0,20.0,0.5,0.0681,-6.7,-69.0,50.7,48.9,28.9
1.31,280.0,75.0,28.0,20.0,0.5,0.0681,-5.9,-70.8,67.0,50.3,25.6
1.41,250.0,75.0,32.0,40.0,0.5,0.0681,-5.7,-63.3,59.0,43.0,33.4
1.48,300.0,75.0,28.0,0.0,0.5,0.0681,-1.5,-29.0,64.5,9.7,17.4
1.42,290.0,75.0,20.0,40.0,0.5,0.0681,-4.1,-61.5,52.4,47.7,21.1
1.48,280.0,75.0,20.0,30.0,0.5,0.0681,-4.5,-47.3,60.7,44.6,20.3
1.32,260.0,75.0,32.0,30.0,0.5,0.068,-5.1,-67.2,58.7,37.5,32.9
1.43,300.0,75.0,24.0,30.0,0.5,0.068,-6.8,-66.5,64.4,47.6,24.7
1.41,270.0,75.0,24.0,40.0,0.5,0.068,-4.2,-61.8,53.0,50.3,21.6
1.28,290.0,85.0,20.0,20.0,0.5,0.068,-3.7,-50.7,66.9,47.6,22.5
1.32,320.0,85.0,28.0,30.0,0.5,0.068,-8.1,-67.7,62.8,49.0,33.0
1.38,320.0,75.0,24.0,30.0,0.5,0.068,-7.0,-65.8,61.5,48.9,25.6
1.27,270.0,75.0,32.0,10.0,0.5,0.068,-0.8,-42.8,59.2,12.0,17.9
1.27,260.0,85.0,24.0,30.0,0.5,0.068,-3.4,-59.7,68.5,55.9,20.1
1.46,280.0,75.0,24.0,40.0,0.5,0.068,-4.5,-62.4,55.7,49.5,23.0
1.32,300.0,85.0,28.0,0.0,0.5,0.068,-2.5,-25.6,68.1,10.0,19.2
1.37,290.0,75.0,32.0,0.0,0.5,0.068,-1.7,-23.6,58.7,3.5,16.0
1.31,310.0,75.0,28.0,20.0,0.5,0.0679,-7.9,-68.7,68.2,49.9,26.0
1.49,260.0,75.0,20.0,30.0,0.5,0.0679,-3.5,-46.4,58.9,47.3,16.8
1.48,300.0,75.0,24.0,30.0,0.5,0.0679,-7.6,-66.3,69.1,45.7,24.5
1.27,280.0,85.0,24.0,30.0,0.5,0.0679,-3.8,-66.0,61.7,52.9,24.4
1.33,280.0,75.0,24.0,30.0,0.5,0.0679,-5.0,-66.4,56.7,52.0,21.3
1.36,300.0,75.0,32.0,0.0,0.5,0.0679,-2.4,-42.1,61.7,7.3,16.9
1.42,300.0,75.0,20.0,40.0,0.5,0.0679,-4.4,-63.0,53.3,47.7,22.2
1.26,320.0,85.0,24.0,20.0,0.5,0.0679,-6.2,-67.2,51.3,48.7,28.3
1.27,300.0,75.0,24.0,30.0,0.5,0.0679,-5.0,-64.1,50.3,52.6,24.2
1.28,290.0,85.0,28.0,10.0,0.5,0.0679,-5.3,-75.7,71.4,48.8,24.3
1.38,280.0,75.0,24.0,20.0,0.5,0.0679,-5.2,-65.3,65.5,47.9,21.0
1.42,290.0,75.0,28.0,10.0,0.5,0.0678,-8.6,-76.9,70.0,45.5,23.5
1.28,290.0,85.0,24.0,20.0,0.5,0.0678,-4.8,-71.3,67.7,50.2,25.0
1.27,300.0,85.0,28.0,30.0,0.5,0.0678,-6.7,-67.6,65.3,46.5,34.1
1.49,250.0,75.0,24.0,40.0,0.5,0.0678,-3.6,-61.6,49.3,49.9,17.9
1.28,300.0,85.0,24.0,30.0,0.5,0.0677,-4.8,-60.6,55.9,53.1,27.3
1.41,290.0,75.0,28.0,10.0,0.5,0.0677,-8.3,-77.3,70.2,46.4,23.5
1.37,310.0,75.0,32.0,20.0,0.5,0.0677,-10.4,-72.9,70.1,42.8,31.7
1.29,300.0,85.0,28.0,30.0,0.5,0.0677,-6.7,-68.0,65.2,46.6,33.9
1.46,270.0,75.0,20.0,30.0,0.5,0.0677,-3.7,-58.5,54.4,45.9,18.8
1.34,290.0,75.0,32.0,20.0,0.5,0.0677,-8.6,-73.0,66.7,42.2,35.0
1.44,320.0,75.0,24.0,30.0,0.5,0.0677,-7.2,-66.4,65.8,46.6,25.8
1.48,320.0,75.0,24.0,30.0,0.5,0.0676,-7.8,-66.8,69.1,46.0,25.6
1.47,290.0,75.0,20.0,20.0,0.5,0.0676,-4.7,-50.0,65.1,42.3,20.8
1.26,280.0,85.0,24.0,20.0,0.5,0.0676,-4.1,-66.2,68.2,51.6,23.5
1.38,280.0,75.0,28.0,40.0,0.5,0.0676,-5.8,-63.7,59.8,48.4,28.3
1.26,260.0,75.0,28.0,20.0,0.5,0.0676,-4.6,-71.1,66.8,51.2,20.8
1.47,250.0,75.0,24.0,40.0,0.5,0.0676,-3.5,-60.4,48.6,49.6,17.7
1.32,300.0,75.0,20.0,40.0,0.5,0.0676,-3.4,-63.7,51.0,48.0,25.3
1.41,310.0,75.0,28.0,30.0,0.5,0.0676,-9.0,-65.2,73.6,45.0,27.9
1.43,280.0,75.0,20.0,20.0,0.5,0.0676,-3.9,-52.4,65.4,45.7,19.3
1.36,310.0,75.0,28.0,20.0,0.5,0.0675,-8.3,-68.7,70.3,48.3,26.9
1.26,300.0,85.0,24.0,20.0,0.5,0.0675,-5.4,-69.8,63.9,48.9,25.7
1.42,260.0,75.0,24.0,20.0,0.5,0.0675,-3.7,-70.8,61.8,48.4,19.6
1.32,280.0,75.0,28.0,40.0,0.5,0.0674,-5.0,-61.5,57.7,49.1,26.6
1.34,290.0,75.0,24.0,40.0,0.5,0.0674,-3.8,-62.3,54.4,51.9,24.1
1.43,280.0,75.0,24.0,40.0,0.5,0.0674,-4.8,-62.6,58.1,50.0,22.7
1.38,250.0,75.0,32.0,40.0,0.5,0.0674,-5.0,-63.4,55.8,40.2,32.6
1.36,250.0,75.0,32.0,40.0,0.5,0.0674,-5.4,-58.6,60.2,44.8,28.1
1.29,260.0,85.0,28.0,40.0,0.5,0.0674,-3.9,-59.9,58.1,54.6,23.4
1.43,300.0,75.0,32.0,10.0,0.5,0.0674,-10.6,-76.0,69.9,42.0,30.3
1.41,250.0,75.0,24.0,40.0,0.5,0.0674,-3.3,-61.8,48.7,51.5,17.7
1.27,300.0,85.0,32.0,30.0,0.5,0.0674,-8.0,-67.4,63.3,44.2,39.8
1.32,290.0,75.0,32.0,0.0,0.5,0.0674,-2.2,-23.5,60.8,3.3,15.5
1.26,290.0,85.0,28.0,30.0,0.5,0.0673,-6.3,-63.5,64.5,50.3,30.4
1.38,270.0,75.0,32.0,10.0,0.5,0.0673,0.5,-34.7,64.0,8.3,18.1
1.38,310.0,75.0,32.0,20.0,0.5,0.0673,-10.9,-72.5,70.8,42.6,31.9
1.41,260.0,75.0,24.0,20.0,0.5,0.0673,-3.9,-65.8,62.0,49.6,19.6
1.46,320.0,75.0,24.0,30.0,0.5,0.0673,-7.5,-66.5,67.8,46.5,25.8
1.46,320.0,75.0,28.0,30.0,0.5,0.0673,-9.3,-68.0,70.1,43.1,31.8
1.28,260.0,75.0,28.0,20.0,0.5,0.0673,-4.9,-70.2,67.4,51.6,21.3
1.26,300.0,85.0,28.0,30.0,0.5,0.0673,-6.7,-67.7,62.8,49.2,34.0
1.31,270.0,75.0,32.0,10.0,0.5,0.0673,-0.4,-32.6,63.9,10.1,18.0
1.39,260.0,75.0,24.0,40.0,0.5,0.0673,-3.7,-62.1,51.7,51.4,19.8
1.48,270.0,75.0,16.0,50.0,0.5,0.0673,-2.1,-60.3,47.9,39.5,17.7
1.46,310.0,75.0,24.0,30.0,0.5,0.0673,-7.3,-66.8,66.9,46.3,26.0
1.39,290.0,75.0,24.0,20.0,0.5,0.0672,-5.5,-64.8,67.8,47.6,22.6
1.34,280.0,75.0,28.0,20.0,0.5,0.0672,-4.7,-68.8,65.1,46.6,26.9
1.33,290.0,75.0,24.0,40.0,0.5,0.0672,-4.2,-62.6,55.1,52.4,24.4
1.34,260.0,75.0,28.0,30.0,0.5,0.0671,-4.0,-64.8,61.4,48.1,25.6
1.27,300.0,75.0,32.0,30.0,0.5,0.0671,-7.8,-67.9,64.6,45.7,37.3
1.49,290.0,75.0,20.0,30.0,0.5,0.0671,-4.9,-61.2,57.9,44.5,21.2
1.32,270.0,75.0,32.0,10.0,0.5,0.0671,-0.0,-40.7,62.2,9.6,18.7
1.32,300.0,85.0,20.0,20.0,0.5,0.0671,-4.1,-44.5,61.6,47.9,24.1
1.38,290.0,75.0,32.0,10.0,0.5,0.0671,-4.7,-77.6,67.4,28.6,28.5
1.31,280.0,75.0,32.0,30.0,0.5,0.0671,-6.1,-67.0,60.1,40.4,35.6
1.43,270.0,75.0,28.0,10.0,0.5,0.0671,-4.4,-71.5,69.5,46.2,20.2
1.46,290.0,75.0,24.0,10.0,0.5,0.0671,-5.2,-77.7,67.2,44.8,23.7
1.47,240.0,75.0,32.0,40.0,0.5,0.0671,-5.1,-63.3,56.0,35.3,33.0
1.36,300.0,75.0,28.0,20.0,0.5,0.0671,-8.3,-69.0,73.6,48.9,25.5
1.41,280.0,75.0,24.0,40.0,0.5,0.067,-4.5,-62.2,55.4,50.3,22.3
1.43,300.0,75.0,24.0,20.0,0.5,0.067,-7.2,-71.8,68.6,44.4,24.0
1.29,270.0,75.0,32.0,10.0,0.5,0.067,-0.5,-30.2,62.6,10.7,17.5
1.43,270.0,75.0,20.0,20.0,0.5,0.067,-3.2,-53.3,68.0,47.9,17.5
1.31,300.0,85.0,28.0,0.0,0.5,0.067,-2.4,-22.1,68.9,10.0,18.7
1.44,250.0,75.0,24.0,40.0,0.5,0.067,-3.4,-61.8,50.8,50.7,18.3
1.46,290.0,75.0,20.0,20.0,0.5,0.067,-4.9,-50.2,65.1,43.4,21.0
1.27,250.0,75.0,32.0,20.0,0.5,0.067,-2.1,-67.6,62.5,35.6,23.1
1.29,300.0,75.0,28.0,20.0,0.5,0.067,-7.2,-68.2,68.2,52.1,24.9
1.34,310.0,75.0,32.0,20.0,0.5,0.067,-10.5,-72.8,70.5,44.7,31.0
1.31,280.0,85.0,20.0,30.0,0.5,0.067,-3.6,-58.7,65.0,48.9,22.4
1.47,320.0,75.0,32.0,20.0,0.5,0.067,-11.7,-72.7,67.0,34.1,38.8
1.49,310.0,75.0,24.0,20.0,0.5,0.067,-8.3,-72.0,67.2,41.3,25.3
1.27,270.0,75.0,32.0,30.0,0.5,0.067,-4.8,-67.5,61.1,38.6,34.8
1.26,260.0,75.0,32.0,10.0,0.5,0.0669,-0.4,-75.5,57.4,17.5,18.4
1.47,250.0,75.0,32.0,10.0,0.5,0.0669,2.5,-74.9,54.9,7.8,18.6
1.39,270.0,75.0,24.0,20.0,0.5,0.0669,-4.6,-71.1,62.0,48.7,21.1
1.37,280.0,75.0,24.0,20.0,0.5,0.0669,-5.0,-66.1,64.2,48.7,21.1
1.34,250.0,75.0,32.0,30.0,0.5,0.0669,-4.9,-67.8,57.0,35.2,30.2
1.39,240.0,75.0,28.0,30.0,0.5,0.0669,-3.9,-63.1,55.6,41.5,25.6
1.27,270.0,85.0,24.0,30.0,0.5,0.0669,-3.9,-59.6,63.5,53.7,22.3
1.48,260.0,75.0,20.0,30.0,0.5,0.0668,-3.5,-33.2,58.3,47.7,17.2
1.48,300.0,75.0,24.0,40.0,0.5,0.0668,-5.6,-61.5,57.4,48.0,26.4
1.31,300.0,85.0,28.0,30.0,0.5,0.0668,-6.5,-67.7,60.9,43.8,35.8
1.27,320.0,85.0,32.0,20.0,0.5,0.0668,-10.1,-72.8,70.5,45.9,35.3
1.39,310.0,75.0,32.0,20.0,0.5,0.0668,-11.0,-72.4,70.7,42.2,31.8
1.42,290.0,75.0,24.0,10.0,0.5,0.0668,-5.5,-73.1,68.7,44.1,22.0
1.33,280.0,75.0,28.0,40.0,0.5,0.0667,-5.2,-62.8,58.3,49.0,27.6
1.44,340.0,75.0,32.0,20.0,0.5,0.0667,-11.0,-73.0,63.1,35.5,36.8
1.47,320.0,75.0,24.0,30.0,0.5,0.0667,-7.6,-67.0,68.6,46.0,25.9
1.37,300.0,75.0,28.0,20.0,0.5,0.0667,-8.9,-69.2,74.0,48.7,25.6
1.38,290.0,75.0,20.0,40.0,0.5,0.0667,-3.8,-62.7,52.0,50.6,20.7
1.32,330.0,85.0,24.0,20.0,0.5,0.0667,-7.4,-68.1,59.4,49.4,28.7
1.43,290.0,75.0,24.0,40.0,0.5,0.0666,-5.1,-61.9,56.0,50.0,23.8
1.32,310.0,75.0,28.0,20.0,0.5,0.0666,-8.3,-68.8,69.9,50.8,26.1
1.47,280.0,75.0,24.0,40.0,0.5,0.0666,-4.7,-61.7,56.4,49.6,23.0
1.48,250.0,75.0,24.0,40.0,0.5,0.0666,-3.8,-61.7,48.9,50.1,17.9
1.49,310.0,75.0,24.0,30.0,0.5,0.0666,-7.6,-67.1,69.6,45.3,25.8
1.29,290.0,75.0,28.0,20.0,0.5,0.0666,-6.6,-70.6,67.5,52.2,24.2
1.42,310.0,75.0,28.0,20.0,0.5,0.0666,-9.5,-70.8,70.6,45.9,28.7
1.44,260.0,75.0,20.0,30.0,0.5,0.0666,-3.1,-44.6,59.3,47.5,16.7
1.43,240.0,75.0,32.0,40.0,0.5,0.0666,-4.1,-64.4,52.5,32.5,33.4
1.32,280.0,75.0,28.0,30.0,0.5,0.0665,-5.7,-67.1,63.4,49.0,29.4
1.31,310.0,75.0,28.0,30.0,0.5,0.0665,-7.3,-68.1,62.7,48.9,32.8
1.37,250.0,75.0,28.0,30.0,0.5,0.0665,-4.4,-64.6,60.8,47.1,25.2
1.48,300.0,75.0,24.0,10.0,0.5,0.0665,-6.9,-73.2,67.5,44.2,23.2
1.38,310.0,75.0,28.0,20.0,0.5,0.0665,-8.9,-70.1,70.7,47.7,28.1
1.48,320.0,75.0,32.0,10.0,0.5,0.0665,-13.0,-74.9,72.4,36.3,30.9
1.26,310.0,85.0,28.0,20.0,0.5,0.0665,-7.7,-73.1,68.4,48.6,32.9
1.27,300.0,85.0,28.0,20.0,0.5,0.0665,-6.9,-67.1,65.8,49.9,30.5
1.33,260.0,75.0,28.0,30.0,0.5,0.0665,-4.9,-65.0,62.4,50.9,24.3
1.44,320.0,75.0,32.0,20.0,0.5,0.0664,-11.6,-72.8,68.9,37.0,34.9
1.31,330.0,85.0,24.0,20.0,0.5,0.0664,-7.3,-65.9,56.5,50.1,28.6
1.26,260.0,85.0,24.0,30.0,0.5,0.0664,-3.1,-59.1,66.6,55.5,19.7
1.36,280.0,75.0,24.0,20.0,0.5,0.0664,-4.8,-65.3,63.3,49.7,20.9
1.27,290.0,85.0,20.0,20.0,0.5,0.0664,-3.5,-49.8,67.3,48.1,22.8
1.47,300.0,75.0,24.0,30.0,0.5,0.0664,-7.3,-66.6,68.2,45.9,24.3
1.41,310.0,75.0,28.0,20.0,0.5,0.0664,-9.6,-71.9,71.5,46.3,29.6
1.39,240.0,75.0,28.0,40.0,0.5,0.0664,-2.3,-63.8,49.7,37.5,28.8
1.42,280.0,75.0,20.0,20.0,0.5,0.0664,-3.9,-52.1,65.7,46.1,19.1
1.47,280.0,75.0,20.0,30.0,0.5,0.0663,-4.5,-47.3,60.1,44.2,20.1
1.46,290.0,75.0,20.0,40.0,0.5,0.0663,-4.3,-59.9,52.3,46.6,21.0
1.41,260.0,75.0,24.0,40.0,0.5,0.0663,-3.4,-61.8,52.0,51.4,20.2
1.38,290.0,75.0,24.0,20.0,0.5,0.0663,-5.5,-63.7,67.1,48.2,22.5
1.42,250.0,75.0,24.0,40.0,0.5,0.0662,-3.2,-61.5,50.3,50.7,17.9
1.32,270.0,75.0,28.0,30.0,0.5,0.0662,-5.1,-63.9,61.9,50.2,25.7
1.29,300.0,85.0,28.0,0.0,0.5,0.0662,-2.6,-17.4,69.8,10.1,18.1
1.26,280.0,85.0,24.0,30.0,0.5,0.0662,-4.1,-65.9,63.4,52.8,24.3
1.42,270.0,75.0,28.0,10.0,0.5,0.0662,-3.5,-76.2,69.2,45.0,20.6
1.27,260.0,85.0,24.0,20.0,0.5,0.0662,-2.3,-52.0,58.2,53.6,19.0
1.32,280.0,85.0,24.0,40.0,0.5,0.0662,-3.7,-61.5,59.5,54.7,23.2
1.26,300.0,75.0,24.0,30.0,0.5,0.0662,-4.8,-65.6,50.2,51.8,24.6
1.48,350.0,75.0,32.0,20.0,0.5,0.0662,-12.0,-73.2,62.2,30.7,37.8
1.32,300.0,85.0,28.0,30.0,0.5,0.0661,-6.6,-67.9,61.9,45.7,35.5
1.28,270.0,75.0,28.0,30.0,0.5,0.0661,-5.0,-64.9,62.1,52.4,24.5
1.31,290.0,75.0,32.0,0.0,0.5,0.0661,-2.0,-23.5,61.0,3.4,15.2
1.42,280.0,75.0,24.0,40.0,0.5,0.0661,-4.7,-62.1,56.7,49.5,22.6
1.47,260.0,75.0,20.0,30.0,0.5,0.0661,-3.1,-44.9,57.2,47.1,17.1
1.29,310.0,85.0,32.0,10.0,0.5,0.0661,-10.6,-77.5,73.5,47.4,29.0
1.46,240.0,75.0,28.0,40.0,0.5,0.0661,-3.4,-61.6,51.9,43.4,26.8
1.46,300.0,75.0,24.0,30.0,0.5,0.0661,-6.6,-66.4,67.7,46.3,24.2
1.33,260.0,75.0,28.0,40.0,0.5,0.0661,-4.7,-61.4,57.2,50.7,23.8
1.33,310.0,75.0,32.0,20.0,0.5,0.066,-10.3,-72.5,72.2,44.8,30.4
1.27,290.0,85.0,28.0,10.0,0.5,0.066,-5.4,-71.5,72.3,48.1,24.1
1.48,320.0,75.0,28.0,20.0,0.5,0.066,-10.8,-69.1,70.2,39.9,28.9
1.31,270.0,75.0,28.0,30.0,0.5,0.066,-5.3,-65.4,62.8,51.8,24.3
1.26,320.0,85.0,28.0,30.0,0.5,0.066,-7.6,-68.1,60.5,47.2,35.5
1.38,270.0,75.0,24.0,20.0,0.5,0.066,-5.0,-71.4,61.9,48.7,21.0
1.49,0.0,75.0,32.0,20.0,0.5,0.066,-11.4,-73.5,59.0,30.6,36.6
1.44,300.0,75.0,28.0,10.0,0.5,0.0659,-9.1,-76.7,70.5,43.7,25.2
1.26,260.0,85.0,24.0,40.0,0.5,0.0659,-2.9,-61.3,50.1,51.7,21.4
1.32,280.0,75.0,24.0,30.0,0.5,0.0659,-4.9,-66.4,56.2,52.4,21.3
1.32,310.0,75.0,28.0,30.0,0.5,0.0659,-7.3,-67.8,63.4,49.3,30.8
1.32,310.0,75.0,32.0,20.0,0.5,0.0659,-10.3,-72.4,71.9,46.2,30.1
1.41,290.0,75.0,24.0,10.0,0.5,0.0659,-5.8,-72.4,69.5,44.8,22.0
1.37,280.0,75.0,28.0,40.0,0.5,0.0658,-5.9,-63.8,63.0,46.2,29.1
1.43,250.0,75.0,24.0,40.0,0.5,0.0658,-3.3,-60.8,49.6,51.0,18.2
1.28,300.0,85.0,28.0,0.0,0.5,0.0658,-2.5,-22.4,67.9,10.1,18.1
1.29,250.0,75.0,32.0,20.0,0.5,0.0658,-2.2,-68.7,62.2,36.7,23.5
1.27,300.0,85.0,24.0,20.0,0.5,0.0658,-5.5,-71.1,63.8,50.1,25.9
1.43,320.0,75.0,24.0,30.0,0.5,0.0658,-7.4,-66.1,65.0,47.4,25.6
1.32,320.0,85.0,32.0,20.0,0.5,0.0658,-10.0,-72.8,68.6,41.8,36.2
1.41,280.0,75.0,20.0,20.0,0.5,0.0658,-3.4,-52.6,64.5,46.4,19.0
1.42,300.0,75.0,24.0,20.0,0.5,0.0658,-6.9,-71.9,69.7,44.7,23.9
1.31,320.0,85.0,32.0,20.0,0.5,0.0657,-9.9,-72.6,69.5,42.5,36.3
1.26,310.0,85.0,24.0,20.0,0.5,0.0657,-5.5,-69.3,56.0,49.4,27.0
1.46,260.0,75.0,20.0,30.0,0.5,0.0657,-2.9,-45.1,56.2,47.5,17.1
1.32,260.0,75.0,28.0,30.0,0.5,0.0657,-4.7,-63.4,63.7,50.1,24.5
1.48,290.0,75.0,20.0,30.0,0.5,0.0656,-5.1,-61.7,61.7,43.7,21.2
1.32,300.0,75.0,28.0,20.0,0.5,0.0656,-8.0,-70.0,71.2,50.3,25.0
1.42,270.0,75.0,20.0,20.0,0.5,0.0656,-3.5,-54.0,67.9,48.4,17.3
1.27,310.0,85.0,28.0,30.0,0.5,0.0656,-7.4,-68.0,63.7,47.8,36.0
1.36,290.0,75.0,24.0,20.0,0.5,0.0656,-5.6,-63.2,66.1,49.4,22.3
1.48,310.0,75.0,24.0,30.0,0.5,0.0656,-7.7,-67.2,68.9,45.5,26.3
1.39,250.0,75.0,32.0,40.0,0.5,0.0656,-6.1,-59.5,60.9,45.2,28.0
1.41,300.0,75.0,24.0,20.0,0.5,0.0656,-6.8,-71.9,70.0,45.3,23.9
1.31,310.0,75.0,32.0,20.0,0.5,0.0655,-10.1,-73.0,70.7,45.7,30.3
1.46,280.0,75.0,20.0,30.0,0.5,0.0655,-4.1,-47.8,58.5,45.0,20.0
1.28,300.0,75.0,28.0,20.0,0.5,0.0655,-7.0,-68.5,67.4,51.5,24.9
1.34,290.0,75.0,32.0,10.0,0.5,0.0655,-4.6,-74.6,65.8,27.4,26.9
1.44,320.0,75.0,20.0,30.0,0.5,0.0655,-5.4,-58.5,54.6,45.0,23.0
1.31,280.0,75.0,28.0,30.0,0.5,0.0654,-6.1,-64.9,65.4,51.6,27.5
1.44,300.0,75.0,24.0,30.0,0.5,0.0654,-7.0,-66.7,66.1,46.2,24.1
1.47,300.0,75.0,24.0,10.0,0.5,0.0654,-6.6,-72.4,66.3,43.5,23.8
1.26,310.0,85.0,32.0,10.0,0.5,0.0654,-7.2,-77.4,68.2,37.3,35.9
1.31,300.0,75.0,28.0,20.0,0.5,0.0654,-7.8,-68.6,70.5,50.7,24.7
1.36,260.0,75.0,28.0,40.0,0.5,0.0654,-5.1,-61.2,57.7,50.6,22.8
1.37,270.0,75.0,24.0,20.0,0.5,0.0654,-4.7,-66.0,62.6,49.5,20.7
1.46,290.0,75.0,24.0,40.0,0.5,0.0654,-4.8,-62.0,55.8,49.5,24.2
1.46,300.0,75.0,24.0,40.0,0.5,0.0654,-5.3,-62.4,56.3,48.9,26.0
1.41,320.0,75.0,24.0,30.0,0.5,0.0653,-7.3,-66.3,62.8,47.5,25.6
1.29,310.0,85.0,28.0,30.0,0.5,0.0653,-7.4,-67.7,60.5,45.8,35.1
1.31,330.0,85.0,28.0,20.0,0.5,0.0653,-9.1,-72.2,71.9,48.5,31.6
1.37,290.0,75.0,24.0,20.0,0.5,0.0653,-5.7,-63.8,66.7,48.6,22.5
1.31,280.0,75.0,32.0,40.0,0.5,0.0653,-6.1,-63.4,59.8,44.6,34.5
1.37,240.0,75.0,28.0,30.0,0.5,0.0653,-3.2,-63.3,58.1,43.9,24.3
1.43,320.0,75.0,32.0,20.0,0.5,0.0653,-11.8,-72.9,68.5,37.0,34.8
1.28,260.0,85.0,28.0,40.0,0.5,0.0653,-4.1,-60.2,58.8,55.2,22.5
1.44,270.0,75.0,28.0,10.0,0.5,0.0653,-1.9,-71.9,60.4,29.7,19.8
1.31,300.0,85.0,20.0,20.0,0.5,0.0653,-4.4,-44.3,62.9,48.9,24.0
1.47,350.0,75.0,32.0,20.0,0.5,0.0653,-11.8,-73.5,60.2,31.2,38.0
1.39,300.0,75.0,24.0,20.0,0.5,0.0652,-6.4,-71.9,68.2,46.3,23.5
1.44,290.0,75.0,20.0,20.0,0.5,0.0652,-4.8,-55.2,65.9,43.2,20.7
1.49,290.0,75.0,20.0,40.0,0.5,0.0652,-4.5,-58.6,54.4,45.3,21.2
1.48,310.0,75.0,24.0,20.0,0.5,0.0652,-8.3,-72.0,68.1,43.0,25.0
1.31,270.0,85.0,28.0,40.0,0.5,0.0652,-4.4,-62.4,58.3,50.5,29.3
1.43,260.0,75.0,20.0,30.0,0.5,0.0652,-3.2,-44.8,58.0,48.1,16.6
1.46,320.0,75.0,32.0,10.0,0.5,0.0652,-12.8,-77.0,71.4,39.3,29.7
1.26,270.0,85.0,24.0,30.0,0.5,0.0652,-4.1,-59.7,64.6,54.6,21.8
1.28,260.0,75.0,28.0,30.0,0.5,0.0652,-4.3,-65.7,61.4,47.4,27.2
1.46,330.0,75.0,32.0,20.0,0.5,0.0652,-11.3,-73.1,64.5,32.2,38.3
1.29,270.0,75.0,28.0,30.0,0.5,0.0652,-4.9,-65.7,62.9,52.3,25.0
1.34,280.0,75.0,24.0,20.0,0.5,0.0652,-4.7,-71.3,63.9,51.2,22.0
1.26,310.0,85.0,28.0,30.0,0.5,0.0651,-7.0,-68.1,59.9,48.2,34.1
1.49,310.0,75.0,24.0,10.0,0.5,0.0651,-8.0,-72.1,67.1,39.5,24.1
1.48,330.0,75.0,32.0,20.0,0.5,0.0651,-11.8,-72.8,65.7,32.6,37.9
1.49,310.0,75.0,28.0,10.0,0.5,0.0651,-10.8,-77.6,68.9,38.9,26.3
1.37,310.0,75.0,28.0,20.0,0.5,0.065,-9.0,-69.2,71.3,48.6,27.3
1.27,300.0,85.0,28.0,0.0,0.5,0.065,-2.6,-22.4,67.3,10.3,18.1
1.31,280.0,85.0,24.0,40.0,0.5,0.065,-3.8,-61.6,59.3,53.8,23.6
1.36,300.0,75.0,24.0,20.0,0.5,0.0649,-5.7,-71.8,60.3,48.8,23.1
1.48,320.0,75.0,28.0,30.0,0.5,0.0649,-9.9,-67.9,72.0,43.0,30.9
1.42,260.0,75.0,20.0,30.0,0.5,0.0649,-2.9,-45.2,55.3,48.2,16.7
1.47,320.0,75.0,32.0,10.0,0.5,0.0649,-12.6,-76.8,71.6,37.7,30.6
1.47,290.0,75.0,24.0,40.0,0.5,0.0649,-5.0,-62.8,55.7,48.4,24.0
1.34,260.0,75.0,28.0,40.0,0.5,0.0648,-4.7,-60.5,56.8,50.7,23.2
1.34,280.0,75.0,28.0,10.0,0.5,0.0648,-1.3,-36.5,60.3,23.4,16.4
1.42,320.0,75.0,24.0,30.0,0.5,0.0648,-7.5,-66.1,63.7,47.4,25.6
1.26,260.0,85.0,24.0,20.0,0.5,0.0648,-2.2,-64.8,56.8,53.9,18.8
1.26,300.0,85.0,24.0,30.0,0.5,0.0648,-4.8,-58.0,55.2,53.1,26.7
1.33,280.0,75.0,24.0,20.0,0.5,0.0648,-5.0,-71.1,63.4,51.7,21.4
1.46,300.0,75.0,24.0,10.0,0.5,0.0648,-6.5,-72.4,66.8,44.2,23.3
1.41,270.0,75.0,20.0,20.0,0.5,0.0648,-2.8,-53.7,66.7,48.4,17.2
1.47,270.0,75.0,16.0,50.0,0.5,0.0647,-1.9,-60.7,48.1,38.9,17.6
1.29,290.0,75.0,32.0,10.0,0.5,0.0647,-3.7,-70.4,66.3,22.7,24.6
1.27,300.0,85.0,20.0,20.0,0.5,0.0647,-3.6,-46.1,62.1,45.2,24.5
1.44,240.0,75.0,32.0,40.0,0.5,0.0647,-4.8,-63.7,55.2,37.5,33.2
1.34,250.0,75.0,28.0,30.0,0.5,0.0647,-3.3,-62.4,62.0,47.3,23.9
1.42,250.0,75.0,32.0,40.0,0.5,0.0647,-5.2,-63.6,57.1,42.2,33.6
1.43,290.0,75.0,20.0,20.0,0.5,0.0647,-4.7,-51.3,64.8,44.0,20.5
1.33,300.0,75.0,20.0,40.0,0.5,0.0646,-3.5,-63.2,51.1,48.3,25.1
1.27,300.0,85.0,24.0,30.0,0.5,0.0646,-5.2,-63.9,56.8,53.7,27.1
1.32,290.0,75.0,24.0,40.0,0.5,0.0646,-4.1,-62.5,55.3,52.8,24.5
1.28,300.0,75.0,32.0,20.0,0.5,0.0646,-8.7,-72.5,69.3,47.7,33.2
1.32,240.0,75.0,32.0,20.0,0.5,0.0646,-0.3,-67.5,53.6,25.8,20.5
1.37,240.0,75.0,28.0,40.0,0.5,0.0646,-2.3,-63.5,52.1,35.5,28.1
1.28,310.0,75.0,32.0,20.0,0.5,0.0646,-9.7,-68.4,70.2,47.3,28.8
1.34,290.0,75.0,24.0,20.0,0.5,0.0646,-5.2,-71.5,61.8,50.2,22.2
1.32,260.0,85.0,20.0,30.0,0.5,0.0645,-2.0,-33.9,52.8,51.1,18.4
1.39,290.0,75.0,24.0,40.0,0.5,0.0645,-4.3,-62.1,53.7,51.8,23.5
1.47,290.0,75.0,20.0,30.0,0.5,0.0645,-4.9,-61.7,62.3,43.3,21.3
1.46,290.0,75.0,20.0,30.0,0.5,0.0645,-4.8,-61.7,61.4,43.9,21.2
1.47,320.0,75.0,28.0,20.0,0.5,0.0645,-10.8,-68.7,70.2,40.3,28.8
1.39,270.0,75.0,24.0,40.0,0.5,0.0645,-3.8,-61.7,53.8,50.9,20.2
1.38,300.0,75.0,24.0,20.0,0.5,0.0645,-6.3,-62.1,67.6,47.2,23.3
1.49,290.0,75.0,20.0,10.0,0.5,0.0644,-4.3,-61.9,65.5,42.8,19.6
1.32,280.0,85.0,20.0,20.0,0.5,0.0644,-3.3,-38.1,64.5,51.0,20.4
1.33,250.0,75.0,28.0,30.0,0.5,0.0644,-3.5,-65.8,62.7,49.0,24.9
1.49,320.0,75.0,28.0,30.0,0.5,0.0644,-9.4,-67.4,70.8,41.6,30.6
1.41,290.0,75.0,24.0,40.0,0.5,0.0644,-4.9,-61.9,55.6,51.4,23.4
1.42,300.0,75.0,32.0,10.0,0.5,0.0643,-10.7,-76.1,70.3,41.8,30.2
1.48,290.0,75.0,24.0,40.0,0.5,0.0643,-5.2,-62.7,56.9,48.7,23.9
1.27,290.0,85.0,24.0,20.0,0.5,0.0643,-4.9,-71.2,66.7,50.5,25.0
1.31,270.0,85.0,20.0,30.0,0.5,0.0643,-3.0,-44.6,57.0,50.9,19.9
1.36,270.0,75.0,24.0,20.0,0.5,0.0642,-4.4,-66.0,60.9,48.8,20.0
1.31,300.0,85.0,28.0,10.0,0.5,0.0642,-6.7,-77.2,70.3,45.8,27.5
1.32,250.0,85.0,24.0,20.0,0.5,0.0642,-1.0,-51.1,56.1,53.1,17.2
1.32,310.0,85.0,32.0,10.0,0.5,0.0641,-9.9,-76.2,69.5,42.1,32.8
1.39,280.0,75.0,24.0,40.0,0.5,0.0641,-4.4,-62.2,53.4,50.7,21.7
1.29,260.0,75.0,28.0,40.0,0.5,0.0641,-4.4,-61.1,56.2,51.7,22.6
1.29,270.0,75.0,28.0,20.0,0.5,0.0641,-4.8,-70.1,66.5,52.0,23.7
1.29,270.0,75.0,28.0,40.0,0.5,0.064,-4.9,-60.6,56.2,51.3,25.3
1.36,310.0,75.0,32.0,20.0,0.5,0.064,-10.8,-72.5,71.3,43.1,30.5
1.41,300.0,75.0,32.0,10.0,0.5,0.064,-10.3,-74.1,70.1,42.6,29.3
1.38,300.0,75.0,20.0,40.0,0.5,0.064,-4.2,-59.8,55.3,49.5,21.7
1.27,290.0,75.0,32.0,30.0,0.5,0.064,-7.1,-67.1,67.6,46.2,34.3
1.47,310.0,75.0,24.0,20.0,0.5,0.064,-8.1,-71.7,67.9,43.3,25.0
1.29,310.0,75.0,28.0,20.0,0.5,0.064,-7.8,-68.6,67.9,51.4,25.5
1.27,300.0,75.0,28.0,20.0,0.5,0.064,-7.0,-68.9,67.9,51.9,24.8
1.26,240.0,85.0,28.0,40.0,0.5,0.0639,-3.2,-59.8,50.5,51.3,21.3
1.39,250.0,75.0,24.0,40.0,0.5,0.0639,-3.5,-61.0,50.5,51.3,17.7
1.32,290.0,75.0,28.0,30.0,0.5,0.0639,-6.1,-67.3,62.7,49.2,30.7
1.26,290.0,85.0,24.0,20.0,0.5,0.0639,-5.1,-70.9,67.9,50.4,24.7
1.29,290.0,75.0,32.0,0.0,0.5,0.0638,-2.1,-23.5,61.3,3.5,14.8
1.42,290.0,75.0,24.0,40.0,0.5,0.0638,-4.8,-62.5,55.8,50.1,24.1
1.28,300.0,85.0,28.0,30.0,0.5,0.0638,-6.7,-67.8,62.3,50.1,34.6
1.39,250.0,75.0,28.0,40.0,0.5,0.0638,-3.5,-64.2,59.3,43.1,28.1
1.46,310.0,75.0,24.0,20.0,0.5,0.0638,-8.0,-66.5,68.8,43.5,24.8
1.47,300.0,75.0,24.0,40.0,0.5,0.0638,-5.2,-61.3,56.1,49.2,25.9
1.32,330.0,85.0,28.0,20.0,0.5,0.0638,-9.5,-68.5,72.2,47.2,30.6
1.46,240.0,75.0,32.0,40.0,0.5,0.0638,-5.3,-63.5,60.3,42.2,29.2
1.26,310.0,75.0,32.0,20.0,0.5,0.0637,-8.4,-72.4,68.0,44.3,36.3
1.48,310.0,75.0,24.0,10.0,0.5,0.0637,-8.0,-72.0,67.8,40.8,23.9
1.28,280.0,75.0,28.0,30.0,0.5,0.0637,-5.2,-63.3,64.1,51.4,27.3
1.28,300.0,75.0,32.0,30.0,0.5,0.0637,-8.1,-67.7,63.8,46.1,37.6
1.49,250.0,75.0,32.0,10.0,0.5,0.0636,3.2,-35.1,55.2,3.9,17.9
1.27,280.0,75.0,32.0,30.0,0.5,0.0636,-6.5,-67.7,62.9,41.5,33.9
1.29,280.0,75.0,28.0,30.0,0.5,0.0636,-5.5,-64.4,63.7,50.5,27.3
1.43,240.0,75.0,28.0,40.0,0.5,0.0636,-5.1,-60.6,58.4,48.5,23.1
1.27,270.0,85.0,24.0,40.0,0.5,0.0635,-3.5,-61.4,53.7,53.3,22.1
1.49,300.0,75.0,20.0,20.0,0.5,0.0635,-5.7,-54.2,71.4,39.1,22.2
1.49,320.0,75.0,24.0,20.0,0.5,0.0635,-8.4,-72.3,68.7,40.6,25.8
1.32,300.0,85.0,20.0,30.0,0.5,0.0635,-4.4,-40.4,60.2,49.7,24.8
1.31,290.0,75.0,32.0,30.0,0.5,0.0635,-8.0,-67.7,64.6,47.6,34.6
1.39,280.0,75.0,20.0,20.0,0.5,0.0635,-3.4,-52.8,64.0,47.7,18.8
1.31,290.0,85.0,28.0,40.0,0.5,0.0634,-5.2,-62.8,59.2,47.4,33.0
1.31,280.0,85.0,20.0,20.0,0.5,0.0634,-3.1,-53.8,63.6,50.6,20.4
1.38,240.0,75.0,28.0,30.0,0.5,0.0634,-3.5,-62.5,58.4,45.4,24.6
1.48,310.0,75.0,28.0,10.0,0.5,0.0634,-10.6,-77.7,69.3,40.7,26.2
1.42,290.0,75.0,20.0,20.0,0.5,0.0634,-4.7,-51.2,64.8,44.0,20.4
1.26,300.0,85.0,32.0,10.0,0.5,0.0634,-6.4,-73.6,70.5,35.8,31.3
1.33,280.0,75.0,28.0,10.0,0.5,0.0633,-1.1,-35.9,59.4,22.2,16.2
1.44,320.0,75.0,28.0,20.0,0.5,0.0633,-10.2,-69.7,71.6,43.7,28.4
1.31,250.0,85.0,24.0,20.0,0.5,0.0633,-0.9,-51.0,54.5,52.9,16.7
1.38,290.0,75.0,24.0,40.0,0.5,0.0633,-4.5,-62.9,54.1,51.6,23.5
1.47,280.0,75.0,24.0,10.0,0.5,0.0632,-3.9,-72.1,63.8,43.8,21.8
1.38,260.0,75.0,24.0,40.0,0.5,0.0632,-3.6,-61.6,51.9,51.4,20.1
1.26,300.0,85.0,28.0,0.0,0.5,0.0632,-2.5,-27.4,66.0,11.1,18.2
1.31,260.0,85.0,20.0,30.0,0.5,0.0632,-2.1,-47.3,53.7,51.3,18.4
1.28,290.0,75.0,32.0,0.0,0.5,0.0631,-1.9,-23.3,60.0,3.9,14.9
1.36,250.0,75.0,28.0,40.0,0.5,0.0631,-4.1,-59.8,56.4,49.5,21.8
1.37,300.0,75.0,24.0,20.0,0.5,0.0631,-6.6,-71.4,65.6,47.6,23.3
1.34,270.0,75.0,24.0,40.0,0.5,0.0631,-3.8,-61.5,52.4,51.7,20.1
1.39,290.0,75.0,28.0,10.0,0.5,0.0631,-7.4,-77.3,68.6,45.3,23.3
1.42,240.0,75.0,28.0,40.0,0.5,0.0631,-4.3,-59.9,55.7,47.1,22.8
1.28,260.0,75.0,28.0,40.0,0.5,0.0631,-4.6,-62.2,55.7,50.5,24.9
1.32,290.0,85.0,28.0,0.0,0.5,0.063,-1.3,-23.9,63.1,7.5,19.0
1.33,290.0,75.0,24.0,20.0,0.5,0.063,-5.2,-66.6,62.9,50.9,22.3
1.26,290.0,85.0,20.0,20.0,0.5,0.063,-3.8,-52.7,67.6,48.5,22.3
1.32,240.0,85.0,28.0,40.0,0.5,0.063,-2.7,-60.8,49.4,53.7,17.7
1.32,280.0,75.0,24.0,20.0,0.5,0.0629,-4.8,-71.3,64.1,51.1,21.4
1.29,280.0,85.0,20.0,30.0,0.5,0.0629,-3.3,-60.9,62.8,49.5,22.2
1.31,290.0,75.0,28.0,30.0,0.5,0.0628,-6.2,-67.8,62.3,48.9,31.6
1.38,250.0,75.0,28.0,40.0,0.5,0.0628,-4.7,-60.7,57.0,49.2,22.5
1.28,310.0,85.0,28.0,30.0,0.5,0.0628,-6.9,-68.1,62.4,48.2,34.1
1.43,300.0,75.0,28.0,10.0,0.5,0.0628,-9.3,-77.1,70.8,45.5,26.2
1.42,320.0,75.0,32.0,20.0,0.5,0.0628,-11.4,-72.9,70.1,40.1,34.2
1.46,320.0,75.0,28.0,20.0,0.5,0.0628,-10.6,-68.8,70.1,40.9,28.3
1.29,290.0,75.0,28.0,30.0,0.5,0.0628,-5.8,-67.8,62.7,45.5,30.5
1.28,300.0,85.0,32.0,10.0,0.5,0.0627,-6.0,-75.1,71.3,35.8,31.4
1.36,280.0,75.0,28.0,40.0,0.5,0.0626,-5.8,-63.1,59.4,49.0,27.0
1.26,300.0,75.0,32.0,30.0,0.5,0.0626,-7.4,-67.3,63.7,45.6,36.0
1.44,300.0,75.0,24.0,10.0,0.5,0.0626,-6.6,-72.2,67.9,44.2,23.2
1.44,310.0,75.0,24.0,20.0,0.5,0.0626,-7.6,-71.9,69.7,44.2,24.5
1.34,270.0,75.0,28.0,40.0,0.5,0.0626,-4.5,-61.0,57.7,49.5,26.0
1.29,300.0,85.0,20.0,20.0,0.5,0.0626,-3.9,-48.7,64.1,49.3,23.8
1.39,320.0,75.0,28.0,20.0,0.5,0.0625,-9.2,-69.1,70.6,47.1,27.8
1.32,290.0,85.0,20.0,30.0,0.5,0.0625,-3.5,-39.9,61.3,49.4,23.7
1.32,320.0,85.0,28.0,10.0,0.5,0.0625,-9.1,-77.4,68.6,46.7,28.4
1.41,290.0,75.0,20.0,20.0,0.5,0.0625,-4.6,-51.0,64.0,44.4,20.3
1.32,270.0,85.0,20.0,30.0,0.5,0.0625,-2.9,-48.4,55.0,50.9,20.1
1.29,300.0,75.0,32.0,20.0,0.5,0.0625,-7.1,-72.9,66.1,44.3,33.4
1.37,270.0,75.0,24.0,40.0,0.5,0.0624,-3.6,-61.7,54.8,51.8,20.0
1.38,280.0,75.0,24.0,40.0,0.5,0.0624,-4.6,-62.2,53.6,50.6,22.0
1.38,270.0,75.0,24.0,40.0,0.5,0.0624,-3.8,-61.7,53.4,51.3,21.3
1.37,250.0,75.0,28.0,40.0,0.5,0.0624,-4.9,-60.2,56.9,49.4,21.3
1.37,290.0,75.0,24.0,40.0,0.5,0.0624,-4.6,-62.4,54.7,51.6,23.3
1.33,310.0,75.0,24.0,20.0,0.5,0.0624,-6.1,-71.9,63.9,49.3,23.6
1.47,310.0,75.0,28.0,10.0,0.5,0.0624,-10.2,-77.7,68.8,41.8,27.0
1.26,300.0,75.0,28.0,30.0,0.5,0.0624,-7.2,-68.3,62.5,48.2,30.6
1.46,310.0,75.0,28.0,10.0,0.5,0.0624,-10.1,-77.7,68.6,42.6,26.7
1.31,300.0,85.0,20.0,30.0,0.5,0.0623,-4.6,-40.5,60.9,50.0,24.7
1.29,250.0,85.0,24.0,20.0,0.5,0.0623,-0.9,-51.0,55.6,52.7,17.2
1.38,280.0,75.0,20.0,20.0,0.5,0.0623,-3.5,-53.1,64.4,48.4,18.7
1.48,290.0,75.0,20.0,10.0,0.5,0.0623,-4.1,-61.9,66.1,43.2,19.3
1.48,320.0,75.0,24.0,20.0,0.5,0.0622,-8.4,-72.3,69.4,41.5,25.7
1.49,300.0,75.0,20.0,30.0,0.5,0.0622,-5.3,-60.8,59.3,43.4,22.0
1.28,280.0,75.0,28.0,20.0,0.5,0.0622,-4.6,-70.6,64.3,47.3,26.5
1.28,280.0,85.0,20.0,30.0,0.5,0.0622,-3.9,-43.8,63.5,50.5,21.1
1.32,260.0,75.0,28.0,40.0,0.5,0.0622,-4.8,-61.1,56.4,50.8,23.3
1.36,250.0,75.0,24.0,40.0,0.5,0.0622,-3.3,-61.9,49.7,52.1,17.5
1.48,300.0,75.0,20.0,20.0,0.5,0.0622,-5.7,-54.1,70.2,39.9,22.2
1.46,350.0,75.0,32.0,20.0,0.5,0.0621,-11.8,-73.4,61.1,32.6,37.5
1.37,260.0,75.0,24.0,40.0,0.5,0.0621,-3.6,-61.0,51.1,51.6,19.5
1.47,310.0,75.0,24.0,10.0,0.5,0.0621,-7.8,-72.3,67.6,41.0,23.6
1.38,320.0,75.0,28.0,20.0,0.5,0.0621,-9.7,-70.0,71.3,46.9,27.9
1.29,280.0,75.0,32.0,40.0,0.5,0.0621,-5.3,-63.5,58.6,42.6,35.4
1.44,240.0,75.0,28.0,40.0,0.5,0.0621,-3.8,-62.6,52.6,44.5,27.2
1.28,290.0,75.0,28.0,30.0,0.5,0.062,-6.3,-68.1,62.8,44.5,30.6
1.49,240.0,75.0,24.0,40.0,0.5,0.062,-3.4,-60.6,50.4,48.9,16.5
1.34,280.0,75.0,24.0,40.0,0.5,0.062,-3.8,-61.9,52.6,50.0,20.4
1.29,300.0,75.0,20.0,30.0,0.5,0.062,-3.8,-44.2,51.2,49.4,21.9
1.31,260.0,75.0,28.0,30.0,0.5,0.062,-3.9,-64.7,61.1,49.2,23.8
1.27,290.0,75.0,32.0,0.0,0.5,0.062,-2.0,-23.5,61.4,3.8,14.8
1.36,260.0,75.0,24.0,40.0,0.5,0.062,-3.2,-61.6,50.5,52.4,19.0
1.28,300.0,85.0,20.0,20.0,0.5,0.062,-4.2,-48.9,65.2,48.7,23.8
1.31,280.0,75.0,24.0,20.0,0.5,0.062,-4.5,-64.9,63.6,50.3,21.1
1.28,260.0,85.0,20.0,30.0,0.5,0.0619,-2.1,-47.6,51.8,50.0,18.5
1.28,290.0,85.0,28.0,0.0,0.5,0.0619,-1.1,-25.1,61.4,9.1,18.5
1.26,280.0,75.0,32.0,30.0,0.5,0.0619,-5.7,-68.1,63.1,42.8,35.2
1.27,260.0,85.0,28.0,40.0,0.5,0.0618,-4.3,-59.2,59.7,55.8,21.8
1.36,290.0,75.0,24.0,40.0,0.5,0.0618,-4.2,-62.8,54.6,51.9,22.9
1.29,290.0,85.0,24.0,40.0,0.5,0.0618,-3.9,-61.5,57.9,53.5,26.6
1.31,290.0,85.0,20.0,30.0,0.5,0.0618,-3.9,-39.3,62.0,49.8,23.9
1.31,310.0,85.0,32.0,10.0,0.5,0.0618,-9.0,-75.4,69.1,41.8,32.5
1.32,250.0,75.0,28.0,30.0,0.5,0.0617,-3.3,-64.7,60.8,48.7,23.7
1.42,300.0,75.0,28.0,10.0,0.5,0.0617,-9.4,-77.4,70.3,44.2,26.1
1.27,290.0,85.0,28.0,0.0,0.5,0.0617,-1.3,-23.9,62.3,8.6,18.4
1.29,260.0,75.0,28.0,30.0,0.5,0.0617,-4.3,-63.4,62.7,50.4,23.4
1.29,300.0,75.0,32.0,30.0,0.5,0.0617,-7.8,-67.6,63.4,46.0,36.0
1.29,280.0,85.0,28.0,10.0,0.5,0.0616,-1.9,-71.6,64.2,30.1,21.7
1.27,270.0,75.0,28.0,20.0,0.5,0.0616,-5.1,-69.8,66.8,51.3,23.6
1.28,280.0,75.0,32.0,30.0,0.5,0.0616,-6.3,-67.5,61.3,39.5,35.4
1.31,290.0,85.0,28.0,0.0,0.5,0.0616,-1.2,-28.8,63.3,7.6,18.7
1.31,280.0,75.0,28.0,40.0,0.5,0.0615,-4.7,-62.1,57.1,49.9,26.7
1.34,310.0,75.0,24.0,20.0,0.5,0.0615,-6.4,-71.9,67.0,49.0,23.7
1.32,280.0,85.0,28.0,0.0,0.5,0.0615,0.1,-23.5,57.2,6.9,18.6
1.29,310.0,75.0,28.0,30.0,0.5,0.0615,-6.8,-67.4,62.0,48.1,33.3
1.36,270.0,75.0,24.0,40.0,0.5,0.0614,-3.6,-61.8,53.2,52.1,20.4
1.31,240.0,85.0,28.0,40.0,0.5,0.0614,-2.6,-60.0,49.1,53.4,17.8
1.27,270.0,75.0,28.0,30.0,0.5,0.0614,-5.3,-64.7,63.1,51.8,24.4
1.43,310.0,75.0,24.0,20.0,0.5,0.0614,-7.8,-71.8,71.2,44.5,24.3
1.43,300.0,75.0,24.0,10.0,0.5,0.0614,-6.4,-73.0,68.4,43.5,23.5
1.33,270.0,75.0,24.0,40.0,0.5,0.0613,-4.1,-61.8,53.8,52.0,19.7
1.28,280.0,85.0,28.0,10.0,0.5,0.0613,-1.4,-32.9,60.5,24.2,19.0
1.46,310.0,75.0,24.0,10.0,0.5,0.0613,-7.5,-72.6,67.5,42.3,23.4
1.34,280.0,75.0,32.0,40.0,0.5,0.0613,-5.8,-61.7,58.2,40.8,35.7
1.33,280.0,75.0,24.0,40.0,0.5,0.0613,-4.3,-61.8,53.6,50.2,20.6
1.33,290.0,75.0,28.0,30.0,0.5,0.0612,-6.5,-67.4,63.5,47.4,31.2
1.48,300.0,75.0,20.0,30.0,0.5,0.0612,-5.6,-61.5,59.2,44.7,21.9
1.47,300.0,75.0,20.0,20.0,0.5,0.0612,-5.6,-54.5,68.4,40.4,22.0
1.32,250.0,85.0,28.0,40.0,0.5,0.0612,-4.3,-59.7,54.2,54.3,20.2
1.31,250.0,75.0,28.0,30.0,0.5,0.0612,-3.4,-63.4,60.9,48.6,25.2
1.31,290.0,75.0,24.0,40.0,0.5,0.0612,-4.3,-62.2,55.3,52.5,25.5
1.41,300.0,75.0,28.0,10.0,0.5,0.0611,-9.1,-76.6,73.4,45.1,24.0
1.36,320.0,75.0,28.0,20.0,0.5,0.0611,-8.8,-69.2,70.7,47.5,27.6
1.46,300.0,75.0,20.0,20.0,0.5,0.0611,-5.5,-54.8,66.5,40.5,21.9
1.31,280.0,85.0,28.0,0.0,0.5,0.061,0.1,-20.1,57.4,5.5,18.1
1.29,280.0,85.0,24.0,40.0,0.5,0.061,-3.6,-61.7,56.8,54.6,23.0
1.27,290.0,75.0,28.0,30.0,0.5,0.061,-6.1,-68.2,62.4,44.4,30.3
1.32,320.0,85.0,32.0,10.0,0.5,0.061,-11.2,-77.6,71.3,44.4,31.6
1.29,290.0,85.0,28.0,0.0,0.5,0.061,-1.2,-23.4,62.7,8.6,18.6
1.32,310.0,85.0,20.0,30.0,0.5,0.061,-4.6,-50.5,58.6,46.7,26.1
1.39,320.0,75.0,32.0,20.0,0.5,0.0609,-10.7,-72.6,70.1,42.2,31.9
1.31,260.0,75.0,28.0,40.0,0.5,0.0609,-4.7,-61.4,56.0,50.2,23.0
1.41,300.0,75.0,20.0,30.0,0.5,0.0609,-5.0,-58.8,57.3,44.5,21.8
1.32,280.0,75.0,28.0,10.0,0.5,0.0609,-1.1,-35.5,60.0,22.6,16.2
1.32,330.0,85.0,32.0,20.0,0.5,0.0609,-10.8,-72.8,70.8,44.1,35.1
1.37,320.0,75.0,28.0,20.0,0.5,0.0608,-8.8,-69.2,70.3,47.9,27.3
1.31,330.0,85.0,32.0,20.0,0.5,0.0608,-10.4,-73.1,71.1,43.3,35.0
1.37,280.0,75.0,20.0,20.0,0.5,0.0608,-3.7,-53.2,65.4,49.0,18.6
1.49,310.0,75.0,20.0,30.0,0.5,0.0608,-5.4,-60.2,59.8,43.7,22.7
1.32,280.0,75.0,24.0,40.0,0.5,0.0608,-4.4,-61.9,54.2,51.8,20.8
1.31,320.0,85.0,28.0,10.0,0.5,0.0608,-9.1,-77.9,69.3,46.4,27.7
1.29,330.0,85.0,32.0,20.0,0.5,0.0607,-10.1,-72.8,71.6,46.1,34.6
1.28,280.0,85.0,28.0,0.0,0.5,0.0607,0.3,-19.1,56.7,6.4,17.8
1.46,300.0,75.0,20.0,30.0,0.5,0.0607,-5.3,-60.9,57.9,45.1,21.8
1.36,280.0,75.0,24.0,40.0,0.5,0.0607,-4.1,-61.6,53.2,50.2,20.9
1.28,280.0,85.0,20.0,20.0,0.5,0.0607,-3.3,-54.3,61.8,51.5,20.2
1.28,290.0,75.0,28.0,20.0,0.5,0.0607,-4.7,-68.6,63.9,45.6,28.1
1.44,300.0,75.0,20.0,20.0,0.5,0.0606,-5.3,-55.0,64.3,41.2,21.6
1.48,240.0,75.0,24.0,40.0,0.5,0.0606,-3.0,-61.1,49.7,49.1,16.3
1.26,290.0,75.0,32.0,30.0,0.5,0.0606,-6.8,-67.5,63.4,43.5,35.9
1.39,310.0,75.0,24.0,20.0,0.5,0.0606,-7.1,-64.7,71.9,46.4,24.0
1.31,290.0,75.0,24.0,20.0,0.5,0.0606,-5.1,-71.4,62.8,50.0,22.5
1.31,250.0,85.0,28.0,40.0,0.5,0.0605,-3.5,-60.4,53.0,54.1,20.0
1.32,290.0,75.0,20.0,30.0,0.5,0.0605,-3.9,-57.6,60.0,48.4,21.0
1.41,240.0,75.0,28.0,40.0,0.5,0.0605,-2.6,-64.4,45.6,36.2,29.2
1.48,240.0,75.0,32.0,40.0,0.5,0.0605,-6.2,-63.3,58.3,38.9,31.6
1.26,260.0,85.0,28.0,40.0,0.5,0.0605,-4.0,-60.3,58.8,55.0,22.0
1.27,280.0,75.0,28.0,30.0,0.5,0.0605,-5.3,-68.2,64.0,48.9,27.8
1.29,280.0,85.0,28.0,0.0,0.5,0.0604,0.2,-19.7,57.4,6.5,17.9
1.32,310.0,75.0,24.0,20.0,0.5,0.0604,-6.0,-71.9,63.5,50.5,23.5
1.49,310.0,75.0,20.0,20.0,0.5,0.0604,-6.0,-54.3,69.0,41.0,22.6
1.33,250.0,75.0,28.0,40.0,0.5,0.0604,-4.9,-60.6,58.8,50.9,21.3
1.44,310.0,75.0,32.0,10.0,0.5,0.0604,-12.4,-77.1,70.5,39.1,30.2
1.39,290.0,75.0,20.0,30.0,0.5,0.0604,-4.1,-60.9,59.2,46.8,21.0
1.38,310.0,75.0,24.0,20.0,0.5,0.0603,-6.8,-71.9,71.4,46.7,23.9
1.41,280.0,75.0,28.0,10.0,0.5,0.0603,-4.4,-76.6,67.6,41.9,23.2
1.47,300.0,75.0,20.0,30.0,0.5,0.0603,-5.1,-61.0,58.0,44.2,21.8
1.26,290.0,75.0,32.0,0.0,0.5,0.0603,-1.7,-23.8,59.8,4.6,15.1
1.29,280.0,75.0,28.0,20.0,0.5,0.0603,-3.8,-65.5,64.5,46.9,25.8
1.44,310.0,75.0,28.0,10.0,0.5,0.0603,-9.6,-77.5,69.4,44.4,25.8
1.43,320.0,75.0,28.0,20.0,0.5,0.0603,-10.5,-70.3,71.8,43.9,28.9
1.27,260.0,85.0,20.0,30.0,0.5,0.0603,-2.4,-47.8,52.1,50.0,18.5
1.43,300.0,75.0,20.0,20.0,0.5,0.0603,-5.4,-55.2,64.5,41.9,21.4
1.29,280.0,85.0,20.0,20.0,0.5,0.0603,-3.0,-54.0,61.3,51.3,20.2
1.37,280.0,75.0,24.0,40.0,0.5,0.0603,-4.4,-62.1,53.4,50.2,20.9
1.47,290.0,75.0,20.0,10.0,0.5,0.0602,-4.2,-46.0,66.0,43.4,19.1
1.48,310.0,75.0,20.0,30.0,0.5,0.0602,-5.7,-60.6,59.4,44.1,22.6
1.29,290.0,85.0,20.0,30.0,0.5,0.0602,-3.5,-39.8,60.5,50.5,23.7
1.31,280.0,75.0,20.0,40.0,0.5,0.0602,-2.8,-61.6,49.7,49.0,20.9
1.26,270.0,85.0,24.0,40.0,0.5,0.0602,-3.3,-61.6,53.7,52.6,21.8
1.49,280.0,75.0,16.0,50.0,0.5,0.0602,-2.3,-60.7,49.1,39.5,17.5
1.34,240.0,75.0,28.0,40.0,0.5,0.0601,-4.5,-60.3,55.6,49.7,20.0
1.26,290.0,75.0,28.0,30.0,0.5,0.0601,-6.3,-67.8,62.6,46.9,29.8
1.47,320.0,75.0,24.0,20.0,0.5,0.06,-8.4,-65.7,69.5,41.8,25.3
1.33,300.0,75.0,28.0,30.0,0.5,0.06,-6.8,-67.5,61.9,45.6,33.2
1.26,280.0,75.0,28.0,20.0,0.5,0.06,-4.0,-64.4,64.9,45.9,26.2
1.26,260.0,75.0,28.0,30.0,0.5,0.06,-4.5,-62.9,62.8,50.0,23.0
1.37,290.0,75.0,20.0,40.0,0.5,0.0599,-4.0,-55.8,54.7,50.1,20.7
1.34,250.0,75.0,28.0,40.0,0.5,0.0599,-4.7,-61.0,56.6,49.8,21.2
1.32,310.0,85.0,20.0,20.0,0.5,0.0599,-5.1,-65.4,63.3,46.4,24.7
1.26,300.0,75.0,32.0,20.0,0.5,0.0598,-7.8,-73.3,67.5,43.4,33.3
1.44,310.0,75.0,20.0,30.0,0.5,0.0598,-5.4,-60.1,56.2,44.3,22.4
1.32,290.0,85.0,24.0,40.0,0.5,0.0598,-4.6,-62.1,58.9,54.4,25.9
1.46,310.0,75.0,20.0,30.0,0.5,0.0598,-5.3,-60.1,56.8,44.7,22.5
1.26,280.0,85.0,28.0,10.0,0.5,0.0598,-1.3,-34.6,60.2,23.7,18.6
1.38,300.0,75.0,28.0,10.0,0.5,0.0598,-8.7,-76.9,73.6,46.3,23.9
1.27,280.0,85.0,20.0,30.0,0.5,0.0597,-3.4,-44.1,61.6,51.0,21.0
1.41,320.0,75.0,32.0,20.0,0.5,0.0597,-11.5,-72.3,70.1,40.8,33.4
1.28,330.0,85.0,32.0,20.0,0.5,0.0597,-10.2,-72.8,72.9,46.0,33.6
1.29,300.0,75.0,28.0,30.0,0.5,0.0597,-6.6,-67.6,63.3,47.0,30.7
1.26,280.0,75.0,28.0,30.0,0.5,0.0597,-5.5,-66.4,64.2,50.8,27.0
1.27,280.0,85.0,28.0,10.0,0.5,0.0597,-1.3,-60.1,60.2,24.6,19.8
1.31,310.0,75.0,24.0,20.0,0.5,0.0597,-6.0,-72.0,62.8,50.4,23.4
1.34,260.0,75.0,24.0,40.0,0.5,0.0597,-3.5,-61.4,52.0,51.8,18.7
1.37,250.0,75.0,24.0,40.0,0.5,0.0597,-2.9,-61.3,49.6,51.2,17.8
1.26,290.0,85.0,28.0,10.0,0.5,0.0596,-3.6,-73.5,69.8,37.1,26.8
1.26,280.0,85.0,20.0,30.0,0.5,0.0596,-3.5,-44.0,61.8,50.3,20.9
1.43,310.0,75.0,32.0,10.0,0.5,0.0596,-12.0,-77.9,70.4,41.1,29.9
1.46,290.0,75.0,20.0,10.0,0.5,0.0596,-4.2,-61.8,65.6,43.8,19.3
1.42,320.0,75.0,28.0,20.0,0.5,0.0596,-9.7,-71.5,71.3,45.1,29.5
1.47,310.0,75.0,20.0,30.0,0.5,0.0596,-5.7,-60.4,58.3,44.0,22.5
1.26,280.0,85.0,28.0,0.0,0.5,0.0596,0.1,-20.4,57.7,7.1,17.6
1.33,260.0,75.0,24.0,40.0,0.5,0.0596,-3.7,-61.8,52.2,53.0,18.8
1.38,250.0,75.0,24.0,40.0,0.5,0.0596,-3.4,-61.7,51.3,51.7,17.9
1.27,260.0,75.0,28.0,30.0,0.5,0.0595,-4.1,-64.9,62.6,50.3,23.3
1.31,310.0,85.0,20.0,30.0,0.5,0.0595,-5.0,-53.1,58.7,46.6,26.1
1.38,290.0,75.0,20.0,30.0,0.5,0.0595,-4.2,-60.9,58.4,47.5,20.9
1.41,310.0,75.0,24.0,20.0,0.5,0.0595,-7.7,-71.9,72.0,44.8,24.4
1.42,310.0,75.0,24.0,20.0,0.5,0.0595,-7.7,-71.9,71.1,44.4,24.4
1.32,260.0,75.0,24.0,40.0,0.5,0.0594,-3.4,-61.1,51.2,53.0,18.7
1.42,300.0,75.0,20.0,30.0,0.5,0.0594,-5.0,-59.3,59.1,44.1,22.2
1.41,300.0,75.0,24.0,10.0,0.5,0.0594,-6.3,-72.6,69.4,44.5,23.8
1.26,290.0,85.0,28.0,0.0,0.5,0.0593,-1.1,-26.7,61.9,10.4,18.4
1.26,290.0,75.0,28.0,20.0,0.5,0.0593,-4.9,-68.5,65.3,44.7,28.0
1.28,250.0,85.0,24.0,20.0,0.5,0.0593,-1.2,-51.1,56.9,52.5,17.5
1.27,280.0,85.0,28.0,0.0,0.5,0.0593,0.0,-20.0,57.6,7.2,17.7
1.29,310.0,85.0,20.0,30.0,0.5,0.0592,-4.5,-47.6,57.8,47.1,26.0
1.37,300.0,75.0,20.0,40.0,0.5,0.0592,-3.9,-61.3,53.7,50.0,21.7
1.28,280.0,85.0,24.0,40.0,0.5,0.0592,-4.0,-61.6,56.5,53.5,23.5
1.27,290.0,75.0,28.0,20.0,0.5,0.0592,-5.0,-68.8,64.1,45.0,28.4
1.43,280.0,75.0,28.0,10.0,0.5,0.0592,-5.6,-76.9,67.7,44.0,22.2
1.27,280.0,85.0,20.0,20.0,0.5,0.0591,-3.0,-54.3,60.1,51.2,20.1
1.43,300.0,75.0,20.0,30.0,0.5,0.0591,-5.2,-61.1,58.7,44.5,22.1
1.32,250.0,75.0,28.0,40.0,0.5,0.059,-4.5,-60.4,56.5,50.6,20.7
1.26,270.0,75.0,28.0,40.0,0.5,0.059,-4.7,-62.1,55.5,52.4,23.8
1.27,280.0,75.0,28.0,20.0,0.5,0.059,-3.9,-66.6,67.1,49.0,25.7
1.26,270.0,75.0,28.0,20.0,0.5,0.0589,-4.5,-70.0,64.5,48.8,23.1
1.26,270.0,75.0,28.0,30.0,0.5,0.0589,-4.9,-65.2,63.7,51.1,26.1
1.27,290.0,85.0,20.0,30.0,0.5,0.0589,-3.4,-58.5,58.3,50.3,23.7
1.44,310.0,75.0,24.0,10.0,0.5,0.0588,-7.6,-73.0,68.0,44.2,23.1
1.47,240.0,75.0,24.0,40.0,0.5,0.0588,-3.3,-61.6,50.3,48.9,17.0
1.26,280.0,75.0,28.0,10.0,0.5,0.0588,-1.3,-35.3,63.3,23.2,15.5
1.42,300.0,75.0,20.0,20.0,0.5,0.0588,-5.2,-55.0,66.2,41.9,21.3
1.43,310.0,75.0,28.0,10.0,0.5,0.0588,-9.6,-77.2,69.1,44.5,25.7
1.28,300.0,75.0,28.0,30.0,0.5,0.0587,-6.8,-68.1,63.1,46.8,30.3
1.31,280.0,75.0,24.0,40.0,0.5,0.0587,-4.3,-62.0,53.4,51.1,20.4
1.41,290.0,75.0,28.0,0.0,0.5,0.0586,-0.5,-16.3,61.6,5.5,16.3
1.27,260.0,75.0,28.0,40.0,0.5,0.0586,-4.9,-61.1,55.8,52.5,21.8
1.29,250.0,85.0,28.0,40.0,0.5,0.0586,-3.7,-59.6,53.1,54.3,19.9
1.39,300.0,75.0,32.0,10.0,0.5,0.0586,-10.6,-77.2,70.4,44.1,29.2
1.26,280.0,85.0,24.0,40.0,0.5,0.0586,-3.8,-61.6,56.7,52.6,25.5
1.34,300.0,75.0,20.0,40.0,0.5,0.0586,-3.2,-62.3,51.6,49.4,24.1
1.26,300.0,75.0,28.0,20.0,0.5,0.0586,-7.1,-71.0,67.5,50.9,25.2
1.41,250.0,75.0,32.0,10.0,0.5,0.0585,2.7,-34.9,54.5,4.6,18.1
1.48,310.0,75.0,20.0,20.0,0.5,0.0585,-6.2,-54.2,69.6,41.4,22.3
1.26,260.0,85.0,20.0,30.0,0.5,0.0585,-2.0,-47.8,51.3,49.7,18.5
1.31,310.0,85.0,20.0,20.0,0.5,0.0585,-5.0,-65.1,64.2,46.6,24.6
1.32,270.0,75.0,24.0,40.0,0.5,0.0585,-3.8,-61.7,54.0,52.5,20.2
1.36,290.0,75.0,32.0,10.0,0.5,0.0584,-9.6,-76.2,73.2,47.1,23.2
1.38,290.0,75.0,28.0,0.0,0.5,0.0584,-0.8,-21.5,62.1,6.5,16.2
1.36,290.0,75.0,20.0,40.0,0.5,0.0584,-3.9,-56.9,52.9,50.3,20.3
1.28,270.0,75.0,32.0,30.0,0.5,0.0584,-5.7,-67.8,59.3,41.3,34.3
1.49,330.0,75.0,32.0,10.0,0.5,0.0584,-12.9,-78.1,70.5,33.4,32.2
1.37,310.0,75.0,24.0,20.0,0.5,0.0584,-7.0,-72.0,71.1,47.2,23.7
1.27,240.0,85.0,28.0,40.0,0.5,0.0583,-3.1,-60.3,50.8,53.5,19.4
1.46,240.0,75.0,24.0,40.0,0.5,0.0583,-3.1,-61.2,49.3,49.3,16.9
1.31,290.0,75.0,20.0,30.0,0.5,0.0583,-4.0,-56.7,60.1,48.8,21.1
1.36,300.0,75.0,28.0,0.0,0.5,0.0583,-1.7,-41.9,63.4,11.0,16.6
1.36,310.0,75.0,24.0,20.0,0.5,0.0583,-6.6,-62.5,69.0,47.6,23.6
1.27,300.0,75.0,28.0,30.0,0.5,0.0582,-6.6,-67.6,62.2,46.8,31.4
1.29,250.0,75.0,28.0,40.0,0.5,0.0582,-4.1,-60.5,55.2,49.8,20.2
1.41,270.0,75.0,28.0,10.0,0.5,0.0582,0.2,-35.9,55.8,17.9,16.8
1.28,290.0,85.0,20.0,30.0,0.5,0.0582,-3.5,-39.1,59.4,50.5,23.4
1.36,240.0,75.0,28.0,40.0,0.5,0.0582,-2.8,-63.7,54.4,40.3,27.2
1.29,240.0,85.0,28.0,40.0,0.5,0.0582,-3.1,-60.3,49.8,53.5,18.0
1.29,300.0,85.0,20.0,30.0,0.5,0.0581,-4.2,-40.9,60.3,48.7,25.5
1.29,310.0,85.0,20.0,20.0,0.5,0.0581,-4.6,-65.0,62.7,47.4,24.6
1.41,320.0,75.0,28.0,20.0,0.5,0.0581,-9.9,-72.4,69.8,44.3,29.7
1.32,240.0,75.0,28.0,40.0,0.5,0.0581,-3.5,-60.6,59.1,48.4,21.9
1.31,250.0,75.0,28.0,40.0,0.5,0.0581,-4.5,-60.3,56.4,50.4,20.6
1.36,290.0,75.0,28.0,0.0,0.5,0.0581,-0.7,-22.0,62.7,7.1,16.1
1.37,300.0,75.0,28.0,0.0,0.5,0.058,-2.2,-42.6,64.5,13.3,16.9
1.27,280.0,85.0,24.0,40.0,0.5,0.058,-4.0,-61.7,56.9,53.8,24.4
1.27,280.0,75.0,32.0,0.0,0.5,0.0578,-0.7,-23.4,54.7,7.6,14.2
1.28,280.0,75.0,24.0,40.0,0.5,0.0578,-4.2,-61.5,53.4,51.8,21.7
1.28,280.0,75.0,28.0,10.0,0.5,0.0578,-1.2,-35.8,61.1,22.4,15.7
1.32,280.0,75.0,20.0,40.0,0.5,0.0578,-3.2,-53.7,55.5,50.8,19.3
1.33,290.0,75.0,28.0,0.0,0.5,0.0578,-0.9,-28.0,62.1,8.7,15.8
1.27,290.0,85.0,24.0,40.0,0.5,0.0577,-4.5,-62.3,58.8,53.3,27.1
1.28,240.0,85.0,28.0,40.0,0.5,0.0577,-2.9,-59.8,49.4,53.0,18.2
1.31,270.0,75.0,24.0,40.0,0.5,0.0577,-3.6,-61.5,53.7,51.8,20.0
1.48,330.0,75.0,32.0,10.0,0.5,0.0577,-13.0,-77.0,70.8,33.0,30.5
1.48,280.0,75.0,16.0,50.0,0.5,0.0577,-2.5,-60.8,49.5,40.0,17.5
1.37,290.0,75.0,32.0,10.0,0.5,0.0577,-10.4,-76.1,74.0,46.5,23.3
1.44,290.0,75.0,20.0,10.0,0.5,0.0577,-4.2,-50.6,67.8,42.7,19.0
1.28,250.0,75.0,28.0,40.0,0.5,0.0576,-4.1,-60.9,54.1,50.7,19.8
1.27,310.0,85.0,32.0,20.0,0.5,0.0576,-9.0,-73.0,66.0,44.9,36.8
1.32,300.0,85.0,24.0,10.0,0.5,0.0576,-5.1,-71.2,66.8,46.8,25.6
1.27,250.0,85.0,24.0,20.0,0.5,0.0575,-0.7,-50.5,57.2,52.5,17.4
1.42,310.0,75.0,32.0,10.0,0.5,0.0574,-11.8,-77.6,70.3,40.8,29.7
1.34,290.0,75.0,28.0,0.0,0.5,0.0574,-0.9,-22.0,62.9,7.6,15.8
1.28,250.0,85.0,28.0,40.0,0.5,0.0574,-3.5,-59.8,52.2,54.4,20.0
1.44,330.0,75.0,32.0,20.0,0.5,0.0573,-11.6,-73.0,67.8,38.3,34.2
1.39,290.0,75.0,28.0,0.0,0.5,0.0573,-0.8,-24.9,62.1,7.1,16.6
1.26,280.0,85.0,20.0,20.0,0.5,0.0572,-3.3,-54.5,58.7,51.7,20.1
1.36,300.0,75.0,20.0,40.0,0.5,0.0572,-4.0,-61.0,53.2,50.1,22.0
1.28,300.0,75.0,20.0,30.0,0.5,0.0572,-3.6,-45.0,53.4,48.3,21.8
1.31,270.0,85.0,28.0,10.0,0.5,0.0572,-0.1,-33.9,53.9,21.0,18.5
1.34,250.0,75.0,24.0,40.0,0.5,0.0572,-3.1,-61.8,50.3,51.8,17.5
1.42,310.0,75.0,28.0,10.0,0.5,0.0572,-9.7,-77.6,69.7,44.4,26.1
1.47,310.0,75.0,20.0,20.0,0.5,0.0571,-5.7,-54.4,69.9,40.8,22.4
1.29,260.0,75.0,24.0,40.0,0.5,0.0571,-3.3,-61.2,51.8,52.1,18.5
1.28,270.0,75.0,24.0,40.0,0.5,0.0571,-4.0,-61.7,53.5,51.5,20.7
1.33,240.0,75.0,28.0,40.0,0.5,0.057,-4.0,-60.5,60.2,47.7,23.2
1.31,300.0,75.0,28.0,30.0,0.5,0.057,-6.4,-67.4,63.5,47.0,31.8
1.26,290.0,85.0,20.0,30.0,0.5,0.0569,-3.3,-58.4,57.3,49.6,23.2
1.27,280.0,75.0,28.0,10.0,0.5,0.0569,-1.1,-33.4,61.2,22.8,15.9
1.31,260.0,75.0,24.0,40.0,0.5,0.0568,-3.2,-61.8,52.2,52.7,19.3
1.32,270.0,85.0,28.0,10.0,0.5,0.0568,0.0,-35.9,56.4,20.9,19.1
1.34,300.0,75.0,28.0,10.0,0.5,0.0568,-7.5,-74.9,69.3,47.7,23.5
1.31,240.0,75.0,28.0,40.0,0.5,0.0567,-4.3,-61.4,58.1,49.8,20.6
1.37,300.0,75.0,28.0,10.0,0.5,0.0567,-8.5,-76.5,72.2,46.4,24.4
1.32,290.0,75.0,28.0,0.0,0.5,0.0566,-1.1,-29.3,62.8,8.4,15.7
1.38,320.0,75.0,32.0,20.0,0.5,0.0566,-11.4,-70.3,71.5,42.8,30.9
1.37,300.0,75.0,32.0,10.0,0.5,0.0566,-10.1,-77.3,70.4,42.2,27.2
1.26,300.0,85.0,20.0,20.0,0.5,0.0564,-4.3,-49.7,66.0,48.1,23.4
1.41,310.0,75.0,28.0,10.0,0.5,0.0564,-10.1,-77.6,70.7,43.7,25.7
1.26,280.0,75.0,32.0,0.0,0.5,0.0564,-0.6,-22.9,54.1,8.0,14.1
1.29,280.0,75.0,24.0,40.0,0.5,0.0563,-3.9,-61.1,52.6,51.3,21.3
1.31,240.0,75.0,32.0,20.0,0.5,0.0563,-1.8,-70.8,59.9,34.6,18.4
1.33,250.0,75.0,24.0,40.0,0.5,0.0563,-3.0,-61.5,50.2,52.2,17.4
1.46,310.0,75.0,20.0,20.0,0.5,0.0563,-5.7,-54.3,71.6,40.3,22.6
1.26,250.0,75.0,28.0,40.0,0.5,0.0562,-4.0,-61.2,52.1,50.9,19.3
1.29,280.0,75.0,28.0,10.0,0.5,0.0562,-1.1,-35.4,60.4,22.0,15.7
1.46,270.0,75.0,16.0,50.0,0.5,0.0562,-1.4,-60.9,48.5,40.9,17.2
1.34,290.0,75.0,20.0,40.0,0.5,0.0562,-3.0,-54.7,55.2,50.0,20.6
1.28,310.0,85.0,20.0,30.0,0.5,0.0562,-4.4,-41.6,58.8,46.9,25.7
1.27,250.0,75.0,28.0,40.0,0.5,0.0561,-4.6,-61.1,53.7,51.4,19.9
1.26,250.0,85.0,28.0,40.0,0.5,0.056,-3.2,-59.8,52.0,54.1,20.2
1.28,310.0,85.0,20.0,20.0,0.5,0.056,-4.6,-65.5,63.0,47.5,24.4
1.31,320.0,85.0,32.0,10.0,0.5,0.0558,-10.9,-75.8,69.7,44.8,32.9
1.29,290.0,75.0,20.0,30.0,0.5,0.0558,-3.8,-58.3,59.1,48.9,20.7
1.29,240.0,75.0,28.0,40.0,0.5,0.0558,-3.7,-59.6,55.6,50.2,20.4
1.29,290.0,75.0,28.0,0.0,0.5,0.0557,-1.0,-19.4,62.4,8.1,15.0
1.41,310.0,75.0,32.0,10.0,0.5,0.0556,-11.8,-75.6,70.7,41.8,29.5
1.31,250.0,75.0,24.0,40.0,0.5,0.0556,-2.9,-61.7,49.6,52.2,17.3
1.28,290.0,75.0,28.0,0.0,0.5,0.0555,-0.8,-19.4,62.1,8.4,15.0
1.36,300.0,75.0,28.0,10.0,0.5,0.0554,-8.1,-72.8,71.5,46.4,23.0
1.43,330.0,75.0,32.0,20.0,0.5,0.0553,-12.0,-72.8,68.6,39.5,34.7
1.28,240.0,75.0,28.0,40.0,0.5,0.0553,-4.3,-61.0,53.7,50.6,18.2
1.49,280.0,75.0,20.0,50.0,0.5,0.0552,-3.0,-59.6,51.2,43.4,19.0
1.32,290.0,75.0,20.0,40.0,0.5,0.0552,-3.3,-56.0,52.7,50.6,20.4
1.27,250.0,85.0,28.0,40.0,0.5,0.0552,-3.5,-59.6,52.5,53.6,20.2
1.32,250.0,75.0,24.0,40.0,0.5,0.0552,-3.1,-61.7,50.6,51.3,17.4
1.47,280.0,75.0,16.0,50.0,0.5,0.0548,-2.2,-51.2,48.9,40.5,17.5
1.26,290.0,75.0,28.0,10.0,0.5,0.0547,-2.5,-36.7,68.9,33.6,15.6
1.46,280.0,75.0,20.0,50.0,0.5,0.0546,-3.1,-59.5,50.2,43.7,18.8
1.33,290.0,75.0,20.0,40.0,0.5,0.0546,-3.5,-56.3,54.6,51.1,20.3
1.28,280.0,75.0,28.0,0.0,0.5,0.0545,0.1,-17.4,56.8,6.4,14.8
1.37,290.0,75.0,28.0,0.0,0.5,0.0545,-0.7,-29.2,59.7,9.8,16.4
1.32,270.0,85.0,20.0,20.0,0.5,0.0544,-2.2,-37.8,55.8,50.3,19.5
1.38,240.0,75.0,28.0,40.0,0.5,0.0544,-2.7,-63.8,54.8,41.8,26.4
1.36,290.0,75.0,28.0,10.0,0.5,0.0544,-5.3,-76.2,69.1,42.3,23.2
1.28,260.0,75.0,24.0,40.0,0.5,0.0543,-3.6,-61.0,52.1,52.4,20.5
1.31,290.0,75.0,28.0,0.0,0.5,0.0543,-0.9,-27.8,61.9,8.7,15.6
1.29,270.0,75.0,24.0,40.0,0.5,0.0542,-3.8,-61.5,52.0,52.6,19.8
1.48,280.0,75.0,20.0,50.0,0.5,0.0542,-3.0,-59.1,50.6,43.4,18.9
1.27,240.0,75.0,28.0,40.0,0.5,0.0541,-3.7,-60.2,52.9,51.3,18.8
1.47,280.0,75.0,20.0,50.0,0.5,0.054,-3.1,-59.7,51.2,43.0,18.9
1.26,280.0,75.0,24.0,40.0,0.5,0.054,-4.3,-63.0,51.9,51.2,21.7
1.26,300.0,75.0,20.0,30.0,0.5,0.0539,-4.1,-44.8,52.5,48.7,22.2
1.28,290.0,75.0,20.0,30.0,0.5,0.0539,-3.3,-42.8,60.6,47.6,20.8
1.26,260.0,75.0,28.0,40.0,0.5,0.0539,-4.4,-61.0,55.5,52.2,21.3
1.27,310.0,85.0,20.0,20.0,0.5,0.0539,-4.6,-65.5,62.5,47.6,24.4
1.33,280.0,75.0,28.0,0.0,0.5,0.0539,0.2,-17.3,57.7,6.3,15.5
1.39,300.0,75.0,24.0,10.0,0.5,0.0539,-6.1,-69.5,68.3,45.2,23.6
1.29,280.0,75.0,20.0,40.0,0.5,0.0538,-2.6,-60.6,50.4,48.8,21.0
1.31,280.0,75.0,28.0,0.0,0.5,0.0537,0.1,-17.3,55.2,5.7,15.0
1.29,280.0,75.0,28.0,0.0,0.5,0.0537,0.1,-17.4,55.6,6.1,14.8
1.27,260.0,75.0,24.0,40.0,0.5,0.0536,-3.8,-61.0,50.8,52.1,20.1
1.42,250.0,75.0,32.0,10.0,0.5,0.0535,2.5,-46.2,50.4,5.1,18.3
1.27,310.0,85.0,20.0,30.0,0.5,0.0534,-4.4,-41.7,58.9,46.7,25.5
1.27,300.0,75.0,20.0,30.0,0.5,0.0534,-3.7,-45.3,55.2,48.6,21.9
1.27,290.0,75.0,28.0,0.0,0.5,0.0533,-0.9,-22.8,62.2,8.7,14.9
1.27,280.0,75.0,28.0,0.0,0.5,0.0533,0.1,-19.4,56.8,7.2,14.9
1.49,260.0,75.0,24.0,50.0,0.5,0.0533,-4.0,-57.7,46.2,48.6,18.0
1.27,280.0,75.0,24.0,40.0,0.5,0.0531,-4.6,-61.5,54.5,52.0,22.3
1.26,280.0,75.0,28.0,0.0,0.5,0.0529,0.3,-19.2,57.4,7.2,14.8
1.32,300.0,85.0,24.0,0.0,0.5,0.0529,-2.0,-24.6,69.9,19.7,17.5
1.26,290.0,75.0,28.0,0.0,0.5,0.0526,-0.9,-22.8,61.7,9.2,14.7
1.26,260.0,75.0,24.0,40.0,0.5,0.0525,-3.2,-60.8,49.2,51.9,20.0
1.26,240.0,75.0,28.0,40.0,0.5,0.0524,-4.1,-60.7,51.6,51.6,18.0
1.26,300.0,85.0,20.0,40.0,0.5,0.0522,-4.1,-62.6,53.1,44.9,26.8
1.27,270.0,75.0,24.0,40.0,0.5,0.0521,-4.2,-61.1,52.3,52.0,20.8
1.48,260.0,75.0,24.0,50.0,0.5,0.0519,-3.9,-57.6,46.2,48.7,17.9
1.46,260.0,75.0,24.0,50.0,0.5,0.0518,-3.2,-58.1,45.7,48.4,18.0
1.26,310.0,85.0,20.0,30.0,0.5,0.0518,-4.5,-43.2,58.5,46.3,25.6
1.31,290.0,75.0,20.0,40.0,0.5,0.0518,-3.2,-50.5,54.2,51.0,20.4
1.26,310.0,85.0,20.0,20.0,0.5,0.0517,-4.7,-66.6,61.7,47.2,24.5
1.26,270.0,75.0,24.0,40.0,0.5,0.0516,-3.6,-61.7,51.3,52.2,21.3
1.47,260.0,75.0,24.0,50.0,0.5,0.051,-3.3,-58.1,45.3,48.6,17.9
1.32,280.0,75.0,28.0,0.0,0.5,0.0509,0.2,-22.8,56.5,8.7,15.4
